EmployeeID,Service,MFA_Enabled
1,Email,True
1,Island Cloud,True
1,VPN,True
1,Internal HR Portal,True
2,Email,True
2,Island Cloud,True
2,VPN,True
2,Internal HR Portal,True
3,Email,False
3,Island Cloud,True
3,VPN,False
3,Internal HR Portal,True
4,Email,False
4,Island Cloud,True
4,VPN,True
4,Internal HR Portal,True
5,Email,True
5,Island Cloud,True
5,VPN,True
5,Internal HR Portal,True
6,Email,True
6,Island Cloud,False
6,VPN,True
6,Internal HR Portal,True
7,Email,True
7,Island Cloud,False
7,VPN,True
7,Internal HR Portal,True
8,Email,True
8,Island Cloud,True
8,VPN,True
8,Internal HR Portal,True
9,Email,True
9,Island Cloud,False
9,VPN,True
9,Internal HR Portal,True
10,Email,True
10,Island Cloud,True
10,VPN,True
10,Internal HR Portal,True
11,Email,True
11,Island Cloud,True
11,VPN,True
11,Internal HR Portal,False
12,Email,True
12,Island Cloud,False
12,VPN,True
12,Internal HR Portal,False
13,Email,True
13,Island Cloud,True
13,VPN,True
13,Internal HR Portal,True
14,Email,True
14,Island Cloud,True
14,VPN,True
14,Internal HR Portal,True
15,Email,False
15,Island Cloud,False
15,VPN,False
15,Internal HR Portal,True
16,Email,True
16,Island Cloud,True
16,VPN,True
16,Internal HR Portal,False
17,Email,True
17,Island Cloud,True
17,VPN,True
17,Internal HR Portal,True
18,Email,True
18,Island Cloud,True
18,VPN,True
18,Internal HR Portal,True
19,Email,True
19,Island Cloud,True
19,VPN,True
19,Internal HR Portal,True
20,Email,True
20,Island Cloud,False
20,VPN,False
20,Internal HR Portal,True
21,Email,True
21,Island Cloud,True
21,VPN,True
21,Internal HR Portal,True
22,Email,False
22,Island Cloud,False
22,VPN,True
22,Internal HR Portal,True
23,Email,True
23,Island Cloud,False
23,VPN,True
23,Internal HR Portal,True
24,Email,True
24,Island Cloud,True
24,VPN,True
24,Internal HR Portal,True
25,Email,True
25,Island Cloud,True
25,VPN,False
25,Internal HR Portal,True
26,Email,False
26,Island Cloud,True
26,VPN,False
26,Internal HR Portal,True
27,Email,True
27,Island Cloud,False
27,VPN,True
27,Internal HR Portal,True
28,Email,True
28,Island Cloud,False
28,VPN,True
28,Internal HR Portal,True
29,Email,True
29,Island Cloud,True
29,VPN,True
29,Internal HR Portal,True
30,Email,False
30,Island Cloud,False
30,VPN,True
30,Internal HR Portal,False
31,Email,True
31,Island Cloud,True
31,VPN,True
31,Internal HR Portal,True
32,Email,False
32,Island Cloud,True
32,VPN,True
32,Internal HR Portal,True
33,Email,True
33,Island Cloud,True
33,VPN,True
33,Internal HR Portal,True
34,Email,True
34,Island Cloud,False
34,VPN,True
34,Internal HR Portal,False
35,Email,True
35,Island Cloud,True
35,VPN,True
35,Internal HR Portal,False
36,Email,True
36,Island Cloud,True
36,VPN,True
36,Internal HR Portal,False
37,Email,True
37,Island Cloud,True
37,VPN,True
37,Internal HR Portal,True
38,Email,True
38,Island Cloud,True
38,VPN,False
38,Internal HR Portal,True
39,Email,True
39,Island Cloud,True
39,VPN,True
39,Internal HR Portal,True
40,Email,True
40,Island Cloud,True
40,VPN,True
40,Internal HR Portal,True
41,Email,True
41,Island Cloud,True
41,VPN,True
41,Internal HR Portal,True
42,Email,False
42,Island Cloud,False
42,VPN,True
42,Internal HR Portal,True
43,Email,True
43,Island Cloud,True
43,VPN,True
43,Internal HR Portal,False
44,Email,True
44,Island Cloud,True
44,VPN,True
44,Internal HR Portal,True
45,Email,True
45,Island Cloud,True
45,VPN,True
45,Internal HR Portal,True
46,Email,True
46,Island Cloud,True
46,VPN,True
46,Internal HR Portal,True
47,Email,True
47,Island Cloud,True
47,VPN,True
47,Internal HR Portal,False
48,Email,True
48,Island Cloud,True
48,VPN,True
48,Internal HR Portal,True
49,Email,True
49,Island Cloud,True
49,VPN,True
49,Internal HR Portal,False
50,Email,False
50,Island Cloud,False
50,VPN,False
50,Internal HR Portal,False
51,Email,True
51,Island Cloud,False
51,VPN,False
51,Internal HR Portal,True
52,Email,True
52,Island Cloud,True
52,VPN,True
52,Internal HR Portal,True
53,Email,True
53,Island Cloud,True
53,VPN,True
53,Internal HR Portal,False
54,Email,True
54,Island Cloud,True
54,VPN,True
54,Internal HR Portal,True
55,Email,True
55,Island Cloud,False
55,VPN,True
55,Internal HR Portal,True
56,Email,True
56,Island Cloud,True
56,VPN,False
56,Internal HR Portal,True
57,Email,True
57,Island Cloud,False
57,VPN,False
57,Internal HR Portal,True
58,Email,True
58,Island Cloud,True
58,VPN,True
58,Internal HR Portal,False
59,Email,True
59,Island Cloud,False
59,VPN,False
59,Internal HR Portal,False
60,Email,True
60,Island Cloud,True
60,VPN,True
60,Internal HR Portal,True
61,Email,True
61,Island Cloud,True
61,VPN,True
61,Internal HR Portal,True
62,Email,True
62,Island Cloud,False
62,VPN,True
62,Internal HR Portal,True
63,Email,False
63,Island Cloud,True
63,VPN,True
63,Internal HR Portal,True
64,Email,True
64,Island Cloud,True
64,VPN,True
64,Internal HR Portal,True
65,Email,True
65,Island Cloud,True
65,VPN,True
65,Internal HR Portal,True
66,Email,True
66,Island Cloud,False
66,VPN,False
66,Internal HR Portal,True
67,Email,True
67,Island Cloud,True
67,VPN,True
67,Internal HR Portal,True
68,Email,True
68,Island Cloud,True
68,VPN,True
68,Internal HR Portal,True
69,Email,True
69,Island Cloud,True
69,VPN,True
69,Internal HR Portal,False
70,Email,True
70,Island Cloud,True
70,VPN,False
70,Internal HR Portal,True
71,Email,False
71,Island Cloud,True
71,VPN,True
71,Internal HR Portal,True
72,Email,True
72,Island Cloud,True
72,VPN,True
72,Internal HR Portal,True
73,Email,True
73,Island Cloud,False
73,VPN,True
73,Internal HR Portal,True
74,Email,True
74,Island Cloud,True
74,VPN,False
74,Internal HR Portal,True
75,Email,True
75,Island Cloud,True
75,VPN,True
75,Internal HR Portal,False
76,Email,False
76,Island Cloud,True
76,VPN,True
76,Internal HR Portal,True
77,Email,True
77,Island Cloud,True
77,VPN,True
77,Internal HR Portal,True
78,Email,True
78,Island Cloud,True
78,VPN,True
78,Internal HR Portal,True
79,Email,True
79,Island Cloud,True
79,VPN,True
79,Internal HR Portal,True
80,Email,True
80,Island Cloud,True
80,VPN,True
80,Internal HR Portal,True
81,Email,True
81,Island Cloud,True
81,VPN,True
81,Internal HR Portal,True
82,Email,True
82,Island Cloud,True
82,VPN,True
82,Internal HR Portal,True
83,Email,True
83,Island Cloud,True
83,VPN,True
83,Internal HR Portal,True
84,Email,False
84,Island Cloud,True
84,VPN,True
84,Internal HR Portal,False
85,Email,True
85,Island Cloud,True
85,VPN,True
85,Internal HR Portal,True
86,Email,True
86,Island Cloud,False
86,VPN,True
86,Internal HR Portal,True
87,Email,True
87,Island Cloud,True
87,VPN,True
87,Internal HR Portal,True
88,Email,True
88,Island Cloud,False
88,VPN,True
88,Internal HR Portal,False
89,Email,True
89,Island Cloud,False
89,VPN,False
89,Internal HR Portal,False
90,Email,False
90,Island Cloud,False
90,VPN,True
90,Internal HR Portal,True
91,Email,True
91,Island Cloud,False
91,VPN,False
91,Internal HR Portal,True
92,Email,True
92,Island Cloud,True
92,VPN,True
92,Internal HR Portal,True
93,Email,True
93,Island Cloud,True
93,VPN,True
93,Internal HR Portal,True
94,Email,False
94,Island Cloud,True
94,VPN,True
94,Internal HR Portal,False
95,Email,True
95,Island Cloud,True
95,VPN,False
95,Internal HR Portal,True
96,Email,True
96,Island Cloud,True
96,VPN,True
96,Internal HR Portal,False
97,Email,True
97,Island Cloud,True
97,VPN,True
97,Internal HR Portal,True
98,Email,True
98,Island Cloud,True
98,VPN,True
98,Internal HR Portal,True
99,Email,True
99,Island Cloud,True
99,VPN,True
99,Internal HR Portal,True
100,Email,True
100,Island Cloud,False
100,VPN,False
100,Internal HR Portal,True
101,Email,True
101,Island Cloud,True
101,VPN,False
101,Internal HR Portal,True
102,Email,True
102,Island Cloud,True
102,VPN,True
102,Internal HR Portal,False
103,Email,True
103,Island Cloud,False
103,VPN,True
103,Internal HR Portal,True
104,Email,True
104,Island Cloud,False
104,VPN,True
104,Internal HR Portal,True
105,Email,True
105,Island Cloud,False
105,VPN,True
105,Internal HR Portal,True
106,Email,True
106,Island Cloud,True
106,VPN,True
106,Internal HR Portal,False
107,Email,True
107,Island Cloud,True
107,VPN,True
107,Internal HR Portal,True
108,Email,True
108,Island Cloud,True
108,VPN,True
108,Internal HR Portal,True
109,Email,True
109,Island Cloud,True
109,VPN,True
109,Internal HR Portal,True
110,Email,True
110,Island Cloud,True
110,VPN,True
110,Internal HR Portal,True
111,Email,True
111,Island Cloud,False
111,VPN,True
111,Internal HR Portal,True
112,Email,True
112,Island Cloud,True
112,VPN,True
112,Internal HR Portal,True
113,Email,True
113,Island Cloud,True
113,VPN,False
113,Internal HR Portal,True
114,Email,True
114,Island Cloud,True
114,VPN,True
114,Internal HR Portal,True
115,Email,False
115,Island Cloud,True
115,VPN,True
115,Internal HR Portal,False
116,Email,False
116,Island Cloud,True
116,VPN,False
116,Internal HR Portal,True
117,Email,False
117,Island Cloud,False
117,VPN,True
117,Internal HR Portal,True
118,Email,True
118,Island Cloud,True
118,VPN,True
118,Internal HR Portal,True
119,Email,True
119,Island Cloud,True
119,VPN,True
119,Internal HR Portal,True
120,Email,True
120,Island Cloud,True
120,VPN,True
120,Internal HR Portal,True
121,Email,False
121,Island Cloud,True
121,VPN,True
121,Internal HR Portal,False
122,Email,True
122,Island Cloud,True
122,VPN,True
122,Internal HR Portal,True
123,Email,True
123,Island Cloud,True
123,VPN,True
123,Internal HR Portal,True
124,Email,True
124,Island Cloud,True
124,VPN,False
124,Internal HR Portal,False
125,Email,True
125,Island Cloud,True
125,VPN,True
125,Internal HR Portal,True
126,Email,True
126,Island Cloud,True
126,VPN,True
126,Internal HR Portal,True
127,Email,True
127,Island Cloud,False
127,VPN,True
127,Internal HR Portal,True
128,Email,True
128,Island Cloud,True
128,VPN,True
128,Internal HR Portal,False
129,Email,True
129,Island Cloud,True
129,VPN,False
129,Internal HR Portal,True
130,Email,True
130,Island Cloud,True
130,VPN,True
130,Internal HR Portal,True
131,Email,True
131,Island Cloud,True
131,VPN,True
131,Internal HR Portal,True
132,Email,True
132,Island Cloud,True
132,VPN,True
132,Internal HR Portal,False
133,Email,True
133,Island Cloud,True
133,VPN,True
133,Internal HR Portal,True
134,Email,True
134,Island Cloud,True
134,VPN,True
134,Internal HR Portal,True
135,Email,True
135,Island Cloud,True
135,VPN,True
135,Internal HR Portal,True
136,Email,True
136,Island Cloud,False
136,VPN,True
136,Internal HR Portal,False
137,Email,True
137,Island Cloud,True
137,VPN,False
137,Internal HR Portal,True
138,Email,True
138,Island Cloud,False
138,VPN,True
138,Internal HR Portal,True
139,Email,True
139,Island Cloud,True
139,VPN,True
139,Internal HR Portal,True
140,Email,True
140,Island Cloud,True
140,VPN,True
140,Internal HR Portal,True
141,Email,True
141,Island Cloud,True
141,VPN,True
141,Internal HR Portal,True
142,Email,True
142,Island Cloud,False
142,VPN,True
142,Internal HR Portal,True
143,Email,False
143,Island Cloud,True
143,VPN,True
143,Internal HR Portal,True
144,Email,True
144,Island Cloud,True
144,VPN,True
144,Internal HR Portal,True
145,Email,True
145,Island Cloud,True
145,VPN,True
145,Internal HR Portal,True
146,Email,True
146,Island Cloud,False
146,VPN,True
146,Internal HR Portal,True
147,Email,False
147,Island Cloud,False
147,VPN,True
147,Internal HR Portal,True
148,Email,True
148,Island Cloud,True
148,VPN,True
148,Internal HR Portal,True
149,Email,True
149,Island Cloud,True
149,VPN,True
149,Internal HR Portal,True
150,Email,True
150,Island Cloud,True
150,VPN,True
150,Internal HR Portal,True
151,Email,False
151,Island Cloud,True
151,VPN,True
151,Internal HR Portal,False
152,Email,True
152,Island Cloud,True
152,VPN,True
152,Internal HR Portal,True
153,Email,True
153,Island Cloud,False
153,VPN,True
153,Internal HR Portal,True
154,Email,False
154,Island Cloud,True
154,VPN,False
154,Internal HR Portal,True
155,Email,True
155,Island Cloud,True
155,VPN,True
155,Internal HR Portal,True
156,Email,True
156,Island Cloud,True
156,VPN,True
156,Internal HR Portal,True
157,Email,True
157,Island Cloud,False
157,VPN,True
157,Internal HR Portal,True
158,Email,False
158,Island Cloud,True
158,VPN,True
158,Internal HR Portal,True
159,Email,True
159,Island Cloud,True
159,VPN,True
159,Internal HR Portal,True
160,Email,True
160,Island Cloud,True
160,VPN,True
160,Internal HR Portal,True
161,Email,True
161,Island Cloud,True
161,VPN,False
161,Internal HR Portal,False
162,Email,True
162,Island Cloud,False
162,VPN,False
162,Internal HR Portal,False
163,Email,True
163,Island Cloud,True
163,VPN,True
163,Internal HR Portal,True
164,Email,True
164,Island Cloud,True
164,VPN,True
164,Internal HR Portal,True
165,Email,True
165,Island Cloud,True
165,VPN,True
165,Internal HR Portal,True
166,Email,False
166,Island Cloud,True
166,VPN,False
166,Internal HR Portal,True
167,Email,False
167,Island Cloud,True
167,VPN,True
167,Internal HR Portal,True
168,Email,True
168,Island Cloud,True
168,VPN,True
168,Internal HR Portal,True
169,Email,True
169,Island Cloud,True
169,VPN,True
169,Internal HR Portal,True
170,Email,True
170,Island Cloud,True
170,VPN,True
170,Internal HR Portal,True
171,Email,True
171,Island Cloud,True
171,VPN,True
171,Internal HR Portal,False
172,Email,False
172,Island Cloud,True
172,VPN,False
172,Internal HR Portal,True
173,Email,True
173,Island Cloud,False
173,VPN,True
173,Internal HR Portal,True
174,Email,False
174,Island Cloud,True
174,VPN,False
174,Internal HR Portal,True
175,Email,True
175,Island Cloud,False
175,VPN,True
175,Internal HR Portal,False
176,Email,True
176,Island Cloud,True
176,VPN,True
176,Internal HR Portal,True
177,Email,True
177,Island Cloud,True
177,VPN,True
177,Internal HR Portal,True
178,Email,True
178,Island Cloud,True
178,VPN,True
178,Internal HR Portal,True
179,Email,False
179,Island Cloud,True
179,VPN,True
179,Internal HR Portal,False
180,Email,True
180,Island Cloud,True
180,VPN,True
180,Internal HR Portal,True
181,Email,True
181,Island Cloud,True
181,VPN,True
181,Internal HR Portal,True
182,Email,True
182,Island Cloud,False
182,VPN,True
182,Internal HR Portal,True
183,Email,True
183,Island Cloud,True
183,VPN,False
183,Internal HR Portal,True
184,Email,True
184,Island Cloud,True
184,VPN,True
184,Internal HR Portal,True
185,Email,True
185,Island Cloud,True
185,VPN,True
185,Internal HR Portal,True
186,Email,True
186,Island Cloud,True
186,VPN,True
186,Internal HR Portal,True
187,Email,True
187,Island Cloud,True
187,VPN,True
187,Internal HR Portal,True
188,Email,True
188,Island Cloud,True
188,VPN,True
188,Internal HR Portal,True
189,Email,True
189,Island Cloud,True
189,VPN,True
189,Internal HR Portal,True
190,Email,True
190,Island Cloud,False
190,VPN,True
190,Internal HR Portal,True
191,Email,True
191,Island Cloud,False
191,VPN,False
191,Internal HR Portal,True
192,Email,True
192,Island Cloud,True
192,VPN,True
192,Internal HR Portal,True
193,Email,True
193,Island Cloud,True
193,VPN,True
193,Internal HR Portal,True
194,Email,True
194,Island Cloud,True
194,VPN,True
194,Internal HR Portal,False
195,Email,True
195,Island Cloud,True
195,VPN,True
195,Internal HR Portal,False
196,Email,True
196,Island Cloud,False
196,VPN,True
196,Internal HR Portal,False
197,Email,False
197,Island Cloud,True
197,VPN,True
197,Internal HR Portal,True
198,Email,True
198,Island Cloud,True
198,VPN,True
198,Internal HR Portal,True
199,Email,True
199,Island Cloud,False
199,VPN,False
199,Internal HR Portal,False
200,Email,True
200,Island Cloud,True
200,VPN,True
200,Internal HR Portal,True
201,Email,False
201,Island Cloud,True
201,VPN,True
201,Internal HR Portal,False
202,Email,True
202,Island Cloud,True
202,VPN,True
202,Internal HR Portal,False
203,Email,True
203,Island Cloud,True
203,VPN,True
203,Internal HR Portal,True
204,Email,True
204,Island Cloud,False
204,VPN,True
204,Internal HR Portal,True
205,Email,True
205,Island Cloud,True
205,VPN,True
205,Internal HR Portal,True
206,Email,True
206,Island Cloud,True
206,VPN,True
206,Internal HR Portal,True
207,Email,False
207,Island Cloud,True
207,VPN,True
207,Internal HR Portal,False
208,Email,True
208,Island Cloud,True
208,VPN,True
208,Internal HR Portal,False
209,Email,True
209,Island Cloud,True
209,VPN,True
209,Internal HR Portal,True
210,Email,True
210,Island Cloud,True
210,VPN,True
210,Internal HR Portal,True
211,Email,False
211,Island Cloud,True
211,VPN,True
211,Internal HR Portal,True
212,Email,False
212,Island Cloud,False
212,VPN,True
212,Internal HR Portal,True
213,Email,True
213,Island Cloud,True
213,VPN,True
213,Internal HR Portal,True
214,Email,False
214,Island Cloud,False
214,VPN,True
214,Internal HR Portal,True
215,Email,True
215,Island Cloud,True
215,VPN,True
215,Internal HR Portal,True
216,Email,True
216,Island Cloud,True
216,VPN,True
216,Internal HR Portal,True
217,Email,True
217,Island Cloud,False
217,VPN,True
217,Internal HR Portal,True
218,Email,True
218,Island Cloud,True
218,VPN,True
218,Internal HR Portal,True
219,Email,True
219,Island Cloud,True
219,VPN,True
219,Internal HR Portal,True
220,Email,False
220,Island Cloud,False
220,VPN,True
220,Internal HR Portal,True
221,Email,True
221,Island Cloud,True
221,VPN,True
221,Internal HR Portal,True
222,Email,True
222,Island Cloud,True
222,VPN,True
222,Internal HR Portal,True
223,Email,True
223,Island Cloud,True
223,VPN,True
223,Internal HR Portal,False
224,Email,True
224,Island Cloud,True
224,VPN,False
224,Internal HR Portal,True
225,Email,True
225,Island Cloud,True
225,VPN,True
225,Internal HR Portal,False
226,Email,True
226,Island Cloud,True
226,VPN,True
226,Internal HR Portal,True
227,Email,True
227,Island Cloud,True
227,VPN,False
227,Internal HR Portal,False
228,Email,True
228,Island Cloud,True
228,VPN,True
228,Internal HR Portal,False
229,Email,True
229,Island Cloud,True
229,VPN,True
229,Internal HR Portal,True
230,Email,True
230,Island Cloud,True
230,VPN,True
230,Internal HR Portal,True
231,Email,True
231,Island Cloud,True
231,VPN,True
231,Internal HR Portal,True
232,Email,False
232,Island Cloud,True
232,VPN,True
232,Internal HR Portal,True
233,Email,True
233,Island Cloud,True
233,VPN,True
233,Internal HR Portal,True
234,Email,True
234,Island Cloud,True
234,VPN,True
234,Internal HR Portal,True
235,Email,True
235,Island Cloud,True
235,VPN,True
235,Internal HR Portal,True
236,Email,False
236,Island Cloud,True
236,VPN,True
236,Internal HR Portal,False
237,Email,False
237,Island Cloud,True
237,VPN,True
237,Internal HR Portal,True
238,Email,True
238,Island Cloud,True
238,VPN,True
238,Internal HR Portal,True
239,Email,True
239,Island Cloud,True
239,VPN,True
239,Internal HR Portal,False
240,Email,True
240,Island Cloud,True
240,VPN,False
240,Internal HR Portal,True
241,Email,True
241,Island Cloud,True
241,VPN,True
241,Internal HR Portal,True
242,Email,True
242,Island Cloud,True
242,VPN,True
242,Internal HR Portal,True
243,Email,True
243,Island Cloud,False
243,VPN,True
243,Internal HR Portal,True
244,Email,True
244,Island Cloud,True
244,VPN,True
244,Internal HR Portal,True
245,Email,True
245,Island Cloud,False
245,VPN,True
245,Internal HR Portal,True
246,Email,False
246,Island Cloud,True
246,VPN,False
246,Internal HR Portal,False
247,Email,False
247,Island Cloud,True
247,VPN,True
247,Internal HR Portal,True
248,Email,True
248,Island Cloud,False
248,VPN,True
248,Internal HR Portal,True
249,Email,True
249,Island Cloud,True
249,VPN,True
249,Internal HR Portal,True
250,Email,True
250,Island Cloud,True
250,VPN,False
250,Internal HR Portal,False
251,Email,False
251,Island Cloud,True
251,VPN,False
251,Internal HR Portal,True
252,Email,True
252,Island Cloud,False
252,VPN,True
252,Internal HR Portal,True
253,Email,True
253,Island Cloud,True
253,VPN,True
253,Internal HR Portal,True
254,Email,True
254,Island Cloud,True
254,VPN,False
254,Internal HR Portal,True
255,Email,False
255,Island Cloud,True
255,VPN,False
255,Internal HR Portal,True
256,Email,True
256,Island Cloud,True
256,VPN,True
256,Internal HR Portal,False
257,Email,True
257,Island Cloud,True
257,VPN,True
257,Internal HR Portal,True
258,Email,True
258,Island Cloud,True
258,VPN,True
258,Internal HR Portal,False
259,Email,True
259,Island Cloud,True
259,VPN,True
259,Internal HR Portal,True
260,Email,True
260,Island Cloud,True
260,VPN,True
260,Internal HR Portal,True
261,Email,True
261,Island Cloud,True
261,VPN,True
261,Internal HR Portal,False
262,Email,True
262,Island Cloud,True
262,VPN,True
262,Internal HR Portal,False
263,Email,True
263,Island Cloud,True
263,VPN,True
263,Internal HR Portal,True
264,Email,True
264,Island Cloud,True
264,VPN,True
264,Internal HR Portal,False
265,Email,True
265,Island Cloud,True
265,VPN,False
265,Internal HR Portal,True
266,Email,False
266,Island Cloud,True
266,VPN,True
266,Internal HR Portal,True
267,Email,True
267,Island Cloud,True
267,VPN,True
267,Internal HR Portal,False
268,Email,True
268,Island Cloud,True
268,VPN,True
268,Internal HR Portal,True
269,Email,True
269,Island Cloud,True
269,VPN,True
269,Internal HR Portal,True
270,Email,True
270,Island Cloud,True
270,VPN,True
270,Internal HR Portal,True
271,Email,True
271,Island Cloud,True
271,VPN,False
271,Internal HR Portal,True
272,Email,True
272,Island Cloud,True
272,VPN,False
272,Internal HR Portal,True
273,Email,True
273,Island Cloud,True
273,VPN,True
273,Internal HR Portal,True
274,Email,False
274,Island Cloud,True
274,VPN,False
274,Internal HR Portal,True
275,Email,True
275,Island Cloud,True
275,VPN,True
275,Internal HR Portal,False
276,Email,True
276,Island Cloud,True
276,VPN,True
276,Internal HR Portal,True
277,Email,True
277,Island Cloud,True
277,VPN,True
277,Internal HR Portal,False
278,Email,True
278,Island Cloud,True
278,VPN,True
278,Internal HR Portal,True
279,Email,True
279,Island Cloud,True
279,VPN,True
279,Internal HR Portal,True
280,Email,True
280,Island Cloud,True
280,VPN,True
280,Internal HR Portal,True
281,Email,True
281,Island Cloud,True
281,VPN,True
281,Internal HR Portal,True
282,Email,True
282,Island Cloud,False
282,VPN,True
282,Internal HR Portal,True
283,Email,True
283,Island Cloud,True
283,VPN,True
283,Internal HR Portal,True
284,Email,True
284,Island Cloud,False
284,VPN,False
284,Internal HR Portal,True
285,Email,True
285,Island Cloud,True
285,VPN,True
285,Internal HR Portal,True
286,Email,False
286,Island Cloud,True
286,VPN,False
286,Internal HR Portal,True
287,Email,True
287,Island Cloud,True
287,VPN,False
287,Internal HR Portal,True
288,Email,True
288,Island Cloud,True
288,VPN,True
288,Internal HR Portal,True
289,Email,True
289,Island Cloud,True
289,VPN,True
289,Internal HR Portal,True
290,Email,True
290,Island Cloud,True
290,VPN,True
290,Internal HR Portal,True
291,Email,False
291,Island Cloud,True
291,VPN,True
291,Internal HR Portal,True
292,Email,True
292,Island Cloud,True
292,VPN,True
292,Internal HR Portal,True
293,Email,True
293,Island Cloud,True
293,VPN,True
293,Internal HR Portal,True
294,Email,True
294,Island Cloud,False
294,VPN,True
294,Internal HR Portal,False
295,Email,True
295,Island Cloud,True
295,VPN,True
295,Internal HR Portal,True
296,Email,True
296,Island Cloud,True
296,VPN,True
296,Internal HR Portal,True
297,Email,False
297,Island Cloud,True
297,VPN,True
297,Internal HR Portal,True
298,Email,True
298,Island Cloud,True
298,VPN,True
298,Internal HR Portal,True
299,Email,True
299,Island Cloud,True
299,VPN,False
299,Internal HR Portal,True
300,Email,True
300,Island Cloud,True
300,VPN,True
300,Internal HR Portal,True
301,Email,True
301,Island Cloud,True
301,VPN,True
301,Internal HR Portal,False
302,Email,True
302,Island Cloud,False
302,VPN,True
302,Internal HR Portal,False
303,Email,True
303,Island Cloud,True
303,VPN,True
303,Internal HR Portal,True
304,Email,True
304,Island Cloud,True
304,VPN,True
304,Internal HR Portal,True
305,Email,False
305,Island Cloud,True
305,VPN,True
305,Internal HR Portal,True
306,Email,True
306,Island Cloud,True
306,VPN,True
306,Internal HR Portal,False
307,Email,True
307,Island Cloud,True
307,VPN,True
307,Internal HR Portal,True
308,Email,True
308,Island Cloud,True
308,VPN,True
308,Internal HR Portal,False
309,Email,True
309,Island Cloud,True
309,VPN,True
309,Internal HR Portal,True
310,Email,True
310,Island Cloud,True
310,VPN,True
310,Internal HR Portal,True
311,Email,True
311,Island Cloud,True
311,VPN,True
311,Internal HR Portal,True
312,Email,False
312,Island Cloud,True
312,VPN,True
312,Internal HR Portal,True
313,Email,True
313,Island Cloud,True
313,VPN,False
313,Internal HR Portal,False
314,Email,True
314,Island Cloud,True
314,VPN,True
314,Internal HR Portal,False
315,Email,True
315,Island Cloud,True
315,VPN,True
315,Internal HR Portal,True
316,Email,True
316,Island Cloud,True
316,VPN,True
316,Internal HR Portal,False
317,Email,False
317,Island Cloud,True
317,VPN,True
317,Internal HR Portal,False
318,Email,True
318,Island Cloud,True
318,VPN,True
318,Internal HR Portal,True
319,Email,True
319,Island Cloud,True
319,VPN,True
319,Internal HR Portal,True
320,Email,True
320,Island Cloud,True
320,VPN,False
320,Internal HR Portal,True
321,Email,True
321,Island Cloud,True
321,VPN,True
321,Internal HR Portal,True
322,Email,False
322,Island Cloud,True
322,VPN,True
322,Internal HR Portal,True
323,Email,True
323,Island Cloud,True
323,VPN,True
323,Internal HR Portal,True
324,Email,True
324,Island Cloud,True
324,VPN,False
324,Internal HR Portal,True
325,Email,True
325,Island Cloud,True
325,VPN,True
325,Internal HR Portal,True
326,Email,True
326,Island Cloud,True
326,VPN,True
326,Internal HR Portal,True
327,Email,True
327,Island Cloud,True
327,VPN,True
327,Internal HR Portal,True
328,Email,True
328,Island Cloud,False
328,VPN,True
328,Internal HR Portal,True
329,Email,False
329,Island Cloud,True
329,VPN,True
329,Internal HR Portal,True
330,Email,True
330,Island Cloud,True
330,VPN,True
330,Internal HR Portal,True
331,Email,True
331,Island Cloud,True
331,VPN,False
331,Internal HR Portal,False
332,Email,True
332,Island Cloud,True
332,VPN,True
332,Internal HR Portal,True
333,Email,True
333,Island Cloud,True
333,VPN,False
333,Internal HR Portal,False
334,Email,True
334,Island Cloud,True
334,VPN,True
334,Internal HR Portal,True
335,Email,False
335,Island Cloud,True
335,VPN,False
335,Internal HR Portal,False
336,Email,True
336,Island Cloud,True
336,VPN,True
336,Internal HR Portal,True
337,Email,False
337,Island Cloud,True
337,VPN,True
337,Internal HR Portal,True
338,Email,False
338,Island Cloud,True
338,VPN,True
338,Internal HR Portal,True
339,Email,True
339,Island Cloud,True
339,VPN,True
339,Internal HR Portal,True
340,Email,True
340,Island Cloud,True
340,VPN,True
340,Internal HR Portal,True
341,Email,False
341,Island Cloud,True
341,VPN,True
341,Internal HR Portal,True
342,Email,True
342,Island Cloud,True
342,VPN,True
342,Internal HR Portal,True
343,Email,True
343,Island Cloud,False
343,VPN,True
343,Internal HR Portal,True
344,Email,True
344,Island Cloud,True
344,VPN,False
344,Internal HR Portal,True
345,Email,True
345,Island Cloud,True
345,VPN,True
345,Internal HR Portal,True
346,Email,True
346,Island Cloud,True
346,VPN,True
346,Internal HR Portal,False
347,Email,True
347,Island Cloud,True
347,VPN,True
347,Internal HR Portal,False
348,Email,True
348,Island Cloud,True
348,VPN,True
348,Internal HR Portal,True
349,Email,True
349,Island Cloud,True
349,VPN,True
349,Internal HR Portal,True
350,Email,True
350,Island Cloud,True
350,VPN,True
350,Internal HR Portal,True
351,Email,True
351,Island Cloud,False
351,VPN,True
351,Internal HR Portal,True
352,Email,True
352,Island Cloud,True
352,VPN,True
352,Internal HR Portal,True
353,Email,True
353,Island Cloud,False
353,VPN,True
353,Internal HR Portal,True
354,Email,True
354,Island Cloud,False
354,VPN,False
354,Internal HR Portal,True
355,Email,True
355,Island Cloud,True
355,VPN,True
355,Internal HR Portal,True
356,Email,True
356,Island Cloud,True
356,VPN,True
356,Internal HR Portal,True
357,Email,True
357,Island Cloud,True
357,VPN,False
357,Internal HR Portal,True
358,Email,True
358,Island Cloud,True
358,VPN,True
358,Internal HR Portal,True
359,Email,True
359,Island Cloud,True
359,VPN,True
359,Internal HR Portal,False
360,Email,True
360,Island Cloud,True
360,VPN,False
360,Internal HR Portal,False
361,Email,True
361,Island Cloud,True
361,VPN,True
361,Internal HR Portal,True
362,Email,True
362,Island Cloud,False
362,VPN,True
362,Internal HR Portal,True
363,Email,True
363,Island Cloud,True
363,VPN,True
363,Internal HR Portal,True
364,Email,False
364,Island Cloud,True
364,VPN,False
364,Internal HR Portal,True
365,Email,True
365,Island Cloud,False
365,VPN,True
365,Internal HR Portal,False
366,Email,True
366,Island Cloud,True
366,VPN,True
366,Internal HR Portal,True
367,Email,True
367,Island Cloud,True
367,VPN,True
367,Internal HR Portal,True
368,Email,True
368,Island Cloud,False
368,VPN,False
368,Internal HR Portal,False
369,Email,False
369,Island Cloud,True
369,VPN,True
369,Internal HR Portal,False
370,Email,True
370,Island Cloud,True
370,VPN,True
370,Internal HR Portal,True
371,Email,True
371,Island Cloud,True
371,VPN,True
371,Internal HR Portal,True
372,Email,True
372,Island Cloud,True
372,VPN,True
372,Internal HR Portal,True
373,Email,True
373,Island Cloud,False
373,VPN,True
373,Internal HR Portal,True
374,Email,True
374,Island Cloud,True
374,VPN,True
374,Internal HR Portal,True
375,Email,True
375,Island Cloud,True
375,VPN,True
375,Internal HR Portal,True
376,Email,True
376,Island Cloud,False
376,VPN,True
376,Internal HR Portal,True
377,Email,True
377,Island Cloud,True
377,VPN,True
377,Internal HR Portal,True
378,Email,True
378,Island Cloud,True
378,VPN,False
378,Internal HR Portal,True
379,Email,True
379,Island Cloud,False
379,VPN,True
379,Internal HR Portal,False
380,Email,True
380,Island Cloud,True
380,VPN,True
380,Internal HR Portal,True
381,Email,True
381,Island Cloud,True
381,VPN,False
381,Internal HR Portal,True
382,Email,True
382,Island Cloud,True
382,VPN,True
382,Internal HR Portal,True
383,Email,True
383,Island Cloud,True
383,VPN,True
383,Internal HR Portal,True
384,Email,True
384,Island Cloud,False
384,VPN,True
384,Internal HR Portal,True
385,Email,True
385,Island Cloud,True
385,VPN,True
385,Internal HR Portal,True
386,Email,True
386,Island Cloud,True
386,VPN,True
386,Internal HR Portal,False
387,Email,False
387,Island Cloud,True
387,VPN,True
387,Internal HR Portal,False
388,Email,True
388,Island Cloud,True
388,VPN,True
388,Internal HR Portal,True
389,Email,False
389,Island Cloud,False
389,VPN,False
389,Internal HR Portal,True
390,Email,True
390,Island Cloud,True
390,VPN,False
390,Internal HR Portal,False
391,Email,True
391,Island Cloud,True
391,VPN,True
391,Internal HR Portal,True
392,Email,True
392,Island Cloud,False
392,VPN,False
392,Internal HR Portal,False
393,Email,True
393,Island Cloud,False
393,VPN,True
393,Internal HR Portal,False
394,Email,True
394,Island Cloud,True
394,VPN,True
394,Internal HR Portal,False
395,Email,False
395,Island Cloud,True
395,VPN,True
395,Internal HR Portal,False
396,Email,True
396,Island Cloud,True
396,VPN,True
396,Internal HR Portal,True
397,Email,True
397,Island Cloud,True
397,VPN,True
397,Internal HR Portal,True
398,Email,True
398,Island Cloud,True
398,VPN,True
398,Internal HR Portal,True
399,Email,True
399,Island Cloud,True
399,VPN,True
399,Internal HR Portal,True
400,Email,False
400,Island Cloud,False
400,VPN,True
400,Internal HR Portal,False
401,Email,False
401,Island Cloud,True
401,VPN,False
401,Internal HR Portal,False
402,Email,False
402,Island Cloud,True
402,VPN,False
402,Internal HR Portal,True
403,Email,True
403,Island Cloud,True
403,VPN,True
403,Internal HR Portal,True
404,Email,True
404,Island Cloud,True
404,VPN,True
404,Internal HR Portal,True
405,Email,True
405,Island Cloud,True
405,VPN,True
405,Internal HR Portal,True
406,Email,True
406,Island Cloud,True
406,VPN,True
406,Internal HR Portal,True
407,Email,True
407,Island Cloud,False
407,VPN,False
407,Internal HR Portal,False
408,Email,True
408,Island Cloud,True
408,VPN,True
408,Internal HR Portal,True
409,Email,True
409,Island Cloud,False
409,VPN,False
409,Internal HR Portal,False
410,Email,True
410,Island Cloud,True
410,VPN,True
410,Internal HR Portal,True
411,Email,False
411,Island Cloud,True
411,VPN,True
411,Internal HR Portal,True
412,Email,True
412,Island Cloud,True
412,VPN,True
412,Internal HR Portal,True
413,Email,True
413,Island Cloud,True
413,VPN,True
413,Internal HR Portal,True
414,Email,True
414,Island Cloud,True
414,VPN,True
414,Internal HR Portal,True
415,Email,True
415,Island Cloud,True
415,VPN,True
415,Internal HR Portal,True
416,Email,False
416,Island Cloud,False
416,VPN,True
416,Internal HR Portal,True
417,Email,True
417,Island Cloud,True
417,VPN,False
417,Internal HR Portal,True
418,Email,True
418,Island Cloud,True
418,VPN,True
418,Internal HR Portal,True
419,Email,True
419,Island Cloud,False
419,VPN,False
419,Internal HR Portal,True
420,Email,True
420,Island Cloud,True
420,VPN,True
420,Internal HR Portal,True
421,Email,True
421,Island Cloud,True
421,VPN,True
421,Internal HR Portal,True
422,Email,True
422,Island Cloud,True
422,VPN,True
422,Internal HR Portal,True
423,Email,True
423,Island Cloud,True
423,VPN,True
423,Internal HR Portal,True
424,Email,True
424,Island Cloud,True
424,VPN,True
424,Internal HR Portal,True
425,Email,False
425,Island Cloud,True
425,VPN,False
425,Internal HR Portal,True
426,Email,True
426,Island Cloud,True
426,VPN,True
426,Internal HR Portal,True
427,Email,True
427,Island Cloud,True
427,VPN,True
427,Internal HR Portal,True
428,Email,True
428,Island Cloud,True
428,VPN,True
428,Internal HR Portal,True
429,Email,True
429,Island Cloud,True
429,VPN,True
429,Internal HR Portal,True
430,Email,True
430,Island Cloud,True
430,VPN,True
430,Internal HR Portal,True
431,Email,True
431,Island Cloud,True
431,VPN,True
431,Internal HR Portal,True
432,Email,True
432,Island Cloud,True
432,VPN,False
432,Internal HR Portal,True
433,Email,False
433,Island Cloud,True
433,VPN,False
433,Internal HR Portal,True
434,Email,False
434,Island Cloud,True
434,VPN,False
434,Internal HR Portal,True
435,Email,True
435,Island Cloud,True
435,VPN,True
435,Internal HR Portal,True
436,Email,True
436,Island Cloud,True
436,VPN,True
436,Internal HR Portal,True
437,Email,True
437,Island Cloud,True
437,VPN,True
437,Internal HR Portal,True
438,Email,True
438,Island Cloud,True
438,VPN,True
438,Internal HR Portal,True
439,Email,False
439,Island Cloud,True
439,VPN,False
439,Internal HR Portal,True
440,Email,True
440,Island Cloud,False
440,VPN,True
440,Internal HR Portal,True
441,Email,True
441,Island Cloud,True
441,VPN,True
441,Internal HR Portal,True
442,Email,True
442,Island Cloud,True
442,VPN,True
442,Internal HR Portal,True
443,Email,True
443,Island Cloud,True
443,VPN,True
443,Internal HR Portal,True
444,Email,True
444,Island Cloud,True
444,VPN,True
444,Internal HR Portal,True
445,Email,True
445,Island Cloud,True
445,VPN,True
445,Internal HR Portal,False
446,Email,True
446,Island Cloud,True
446,VPN,True
446,Internal HR Portal,True
447,Email,True
447,Island Cloud,True
447,VPN,False
447,Internal HR Portal,False
448,Email,True
448,Island Cloud,False
448,VPN,False
448,Internal HR Portal,True
449,Email,True
449,Island Cloud,True
449,VPN,True
449,Internal HR Portal,True
450,Email,True
450,Island Cloud,True
450,VPN,True
450,Internal HR Portal,False
451,Email,True
451,Island Cloud,True
451,VPN,True
451,Internal HR Portal,True
452,Email,False
452,Island Cloud,True
452,VPN,True
452,Internal HR Portal,True
453,Email,True
453,Island Cloud,True
453,VPN,True
453,Internal HR Portal,True
454,Email,True
454,Island Cloud,True
454,VPN,True
454,Internal HR Portal,True
455,Email,True
455,Island Cloud,True
455,VPN,True
455,Internal HR Portal,True
456,Email,True
456,Island Cloud,False
456,VPN,True
456,Internal HR Portal,True
457,Email,True
457,Island Cloud,True
457,VPN,False
457,Internal HR Portal,True
458,Email,True
458,Island Cloud,True
458,VPN,True
458,Internal HR Portal,True
459,Email,True
459,Island Cloud,True
459,VPN,True
459,Internal HR Portal,True
460,Email,True
460,Island Cloud,True
460,VPN,False
460,Internal HR Portal,False
461,Email,True
461,Island Cloud,True
461,VPN,True
461,Internal HR Portal,True
462,Email,False
462,Island Cloud,True
462,VPN,False
462,Internal HR Portal,True
463,Email,False
463,Island Cloud,False
463,VPN,False
463,Internal HR Portal,False
464,Email,True
464,Island Cloud,True
464,VPN,True
464,Internal HR Portal,True
465,Email,True
465,Island Cloud,True
465,VPN,True
465,Internal HR Portal,False
466,Email,True
466,Island Cloud,True
466,VPN,True
466,Internal HR Portal,True
467,Email,True
467,Island Cloud,True
467,VPN,True
467,Internal HR Portal,True
468,Email,True
468,Island Cloud,True
468,VPN,True
468,Internal HR Portal,True
469,Email,True
469,Island Cloud,True
469,VPN,False
469,Internal HR Portal,True
470,Email,True
470,Island Cloud,True
470,VPN,False
470,Internal HR Portal,True
471,Email,True
471,Island Cloud,True
471,VPN,True
471,Internal HR Portal,True
472,Email,True
472,Island Cloud,True
472,VPN,True
472,Internal HR Portal,False
473,Email,True
473,Island Cloud,False
473,VPN,True
473,Internal HR Portal,False
474,Email,True
474,Island Cloud,True
474,VPN,True
474,Internal HR Portal,True
475,Email,True
475,Island Cloud,True
475,VPN,True
475,Internal HR Portal,True
476,Email,False
476,Island Cloud,False
476,VPN,True
476,Internal HR Portal,True
477,Email,True
477,Island Cloud,True
477,VPN,True
477,Internal HR Portal,True
478,Email,True
478,Island Cloud,True
478,VPN,False
478,Internal HR Portal,True
479,Email,True
479,Island Cloud,True
479,VPN,True
479,Internal HR Portal,False
480,Email,True
480,Island Cloud,True
480,VPN,True
480,Internal HR Portal,True
481,Email,False
481,Island Cloud,True
481,VPN,True
481,Internal HR Portal,True
482,Email,True
482,Island Cloud,True
482,VPN,True
482,Internal HR Portal,True
483,Email,False
483,Island Cloud,True
483,VPN,True
483,Internal HR Portal,True
484,Email,True
484,Island Cloud,False
484,VPN,False
484,Internal HR Portal,False
485,Email,True
485,Island Cloud,True
485,VPN,True
485,Internal HR Portal,True
486,Email,True
486,Island Cloud,True
486,VPN,True
486,Internal HR Portal,True
487,Email,False
487,Island Cloud,True
487,VPN,True
487,Internal HR Portal,False
488,Email,False
488,Island Cloud,True
488,VPN,True
488,Internal HR Portal,True
489,Email,True
489,Island Cloud,False
489,VPN,True
489,Internal HR Portal,True
490,Email,True
490,Island Cloud,True
490,VPN,True
490,Internal HR Portal,True
491,Email,False
491,Island Cloud,True
491,VPN,True
491,Internal HR Portal,True
492,Email,True
492,Island Cloud,True
492,VPN,True
492,Internal HR Portal,True
493,Email,True
493,Island Cloud,True
493,VPN,True
493,Internal HR Portal,True
494,Email,True
494,Island Cloud,True
494,VPN,True
494,Internal HR Portal,True
495,Email,True
495,Island Cloud,True
495,VPN,True
495,Internal HR Portal,True
496,Email,True
496,Island Cloud,False
496,VPN,True
496,Internal HR Portal,False
497,Email,True
497,Island Cloud,True
497,VPN,True
497,Internal HR Portal,True
498,Email,True
498,Island Cloud,True
498,VPN,True
498,Internal HR Portal,False
499,Email,True
499,Island Cloud,True
499,VPN,False
499,Internal HR Portal,False
500,Email,True
500,Island Cloud,True
500,VPN,True
500,Internal HR Portal,True
501,Email,True
501,Island Cloud,True
501,VPN,True
501,Internal HR Portal,True
502,Email,True
502,Island Cloud,False
502,VPN,True
502,Internal HR Portal,False
503,Email,True
503,Island Cloud,True
503,VPN,True
503,Internal HR Portal,True
504,Email,False
504,Island Cloud,True
504,VPN,True
504,Internal HR Portal,True
505,Email,True
505,Island Cloud,True
505,VPN,True
505,Internal HR Portal,True
506,Email,True
506,Island Cloud,True
506,VPN,True
506,Internal HR Portal,True
507,Email,True
507,Island Cloud,True
507,VPN,True
507,Internal HR Portal,True
508,Email,True
508,Island Cloud,False
508,VPN,True
508,Internal HR Portal,False
509,Email,True
509,Island Cloud,True
509,VPN,True
509,Internal HR Portal,True
510,Email,True
510,Island Cloud,True
510,VPN,False
510,Internal HR Portal,True
511,Email,True
511,Island Cloud,True
511,VPN,True
511,Internal HR Portal,True
512,Email,True
512,Island Cloud,True
512,VPN,False
512,Internal HR Portal,True
513,Email,True
513,Island Cloud,True
513,VPN,True
513,Internal HR Portal,True
514,Email,True
514,Island Cloud,True
514,VPN,True
514,Internal HR Portal,True
515,Email,True
515,Island Cloud,False
515,VPN,True
515,Internal HR Portal,True
516,Email,True
516,Island Cloud,True
516,VPN,True
516,Internal HR Portal,True
517,Email,True
517,Island Cloud,True
517,VPN,True
517,Internal HR Portal,True
518,Email,True
518,Island Cloud,True
518,VPN,False
518,Internal HR Portal,True
519,Email,True
519,Island Cloud,True
519,VPN,False
519,Internal HR Portal,False
520,Email,False
520,Island Cloud,True
520,VPN,True
520,Internal HR Portal,True
521,Email,True
521,Island Cloud,True
521,VPN,True
521,Internal HR Portal,True
522,Email,True
522,Island Cloud,False
522,VPN,True
522,Internal HR Portal,False
523,Email,True
523,Island Cloud,True
523,VPN,True
523,Internal HR Portal,True
524,Email,True
524,Island Cloud,True
524,VPN,True
524,Internal HR Portal,True
525,Email,True
525,Island Cloud,False
525,VPN,True
525,Internal HR Portal,True
526,Email,True
526,Island Cloud,True
526,VPN,True
526,Internal HR Portal,True
527,Email,True
527,Island Cloud,True
527,VPN,True
527,Internal HR Portal,True
528,Email,True
528,Island Cloud,False
528,VPN,False
528,Internal HR Portal,True
529,Email,False
529,Island Cloud,True
529,VPN,True
529,Internal HR Portal,False
530,Email,False
530,Island Cloud,False
530,VPN,True
530,Internal HR Portal,True
531,Email,True
531,Island Cloud,True
531,VPN,True
531,Internal HR Portal,True
532,Email,True
532,Island Cloud,True
532,VPN,True
532,Internal HR Portal,True
533,Email,True
533,Island Cloud,True
533,VPN,True
533,Internal HR Portal,True
534,Email,True
534,Island Cloud,True
534,VPN,True
534,Internal HR Portal,False
535,Email,True
535,Island Cloud,True
535,VPN,True
535,Internal HR Portal,True
536,Email,True
536,Island Cloud,False
536,VPN,True
536,Internal HR Portal,True
537,Email,True
537,Island Cloud,True
537,VPN,True
537,Internal HR Portal,True
538,Email,True
538,Island Cloud,True
538,VPN,True
538,Internal HR Portal,True
539,Email,True
539,Island Cloud,False
539,VPN,True
539,Internal HR Portal,False
540,Email,True
540,Island Cloud,True
540,VPN,True
540,Internal HR Portal,True
541,Email,False
541,Island Cloud,True
541,VPN,False
541,Internal HR Portal,True
542,Email,True
542,Island Cloud,True
542,VPN,False
542,Internal HR Portal,True
543,Email,True
543,Island Cloud,True
543,VPN,False
543,Internal HR Portal,True
544,Email,True
544,Island Cloud,False
544,VPN,True
544,Internal HR Portal,False
545,Email,True
545,Island Cloud,True
545,VPN,False
545,Internal HR Portal,True
546,Email,True
546,Island Cloud,True
546,VPN,True
546,Internal HR Portal,True
547,Email,True
547,Island Cloud,True
547,VPN,True
547,Internal HR Portal,True
548,Email,True
548,Island Cloud,True
548,VPN,True
548,Internal HR Portal,True
549,Email,True
549,Island Cloud,True
549,VPN,True
549,Internal HR Portal,True
550,Email,True
550,Island Cloud,True
550,VPN,True
550,Internal HR Portal,True
551,Email,True
551,Island Cloud,True
551,VPN,True
551,Internal HR Portal,True
552,Email,True
552,Island Cloud,True
552,VPN,True
552,Internal HR Portal,True
553,Email,True
553,Island Cloud,True
553,VPN,False
553,Internal HR Portal,True
554,Email,True
554,Island Cloud,True
554,VPN,False
554,Internal HR Portal,True
555,Email,True
555,Island Cloud,False
555,VPN,True
555,Internal HR Portal,True
556,Email,True
556,Island Cloud,True
556,VPN,True
556,Internal HR Portal,True
557,Email,True
557,Island Cloud,True
557,VPN,True
557,Internal HR Portal,True
558,Email,True
558,Island Cloud,True
558,VPN,True
558,Internal HR Portal,True
559,Email,True
559,Island Cloud,True
559,VPN,True
559,Internal HR Portal,True
560,Email,False
560,Island Cloud,True
560,VPN,True
560,Internal HR Portal,True
561,Email,True
561,Island Cloud,False
561,VPN,False
561,Internal HR Portal,True
562,Email,False
562,Island Cloud,True
562,VPN,True
562,Internal HR Portal,True
563,Email,True
563,Island Cloud,True
563,VPN,True
563,Internal HR Portal,False
564,Email,True
564,Island Cloud,True
564,VPN,True
564,Internal HR Portal,True
565,Email,True
565,Island Cloud,False
565,VPN,True
565,Internal HR Portal,True
566,Email,True
566,Island Cloud,True
566,VPN,True
566,Internal HR Portal,False
567,Email,True
567,Island Cloud,True
567,VPN,True
567,Internal HR Portal,True
568,Email,True
568,Island Cloud,True
568,VPN,True
568,Internal HR Portal,True
569,Email,True
569,Island Cloud,True
569,VPN,True
569,Internal HR Portal,True
570,Email,True
570,Island Cloud,True
570,VPN,True
570,Internal HR Portal,True
571,Email,True
571,Island Cloud,True
571,VPN,True
571,Internal HR Portal,False
572,Email,True
572,Island Cloud,True
572,VPN,True
572,Internal HR Portal,False
573,Email,True
573,Island Cloud,True
573,VPN,False
573,Internal HR Portal,True
574,Email,True
574,Island Cloud,True
574,VPN,True
574,Internal HR Portal,True
575,Email,True
575,Island Cloud,True
575,VPN,True
575,Internal HR Portal,True
576,Email,True
576,Island Cloud,True
576,VPN,True
576,Internal HR Portal,False
577,Email,True
577,Island Cloud,True
577,VPN,False
577,Internal HR Portal,True
578,Email,True
578,Island Cloud,True
578,VPN,True
578,Internal HR Portal,True
579,Email,True
579,Island Cloud,True
579,VPN,True
579,Internal HR Portal,True
580,Email,True
580,Island Cloud,True
580,VPN,True
580,Internal HR Portal,True
581,Email,True
581,Island Cloud,True
581,VPN,True
581,Internal HR Portal,True
582,Email,False
582,Island Cloud,False
582,VPN,True
582,Internal HR Portal,True
583,Email,True
583,Island Cloud,True
583,VPN,True
583,Internal HR Portal,True
584,Email,True
584,Island Cloud,True
584,VPN,True
584,Internal HR Portal,True
585,Email,True
585,Island Cloud,True
585,VPN,True
585,Internal HR Portal,True
586,Email,False
586,Island Cloud,True
586,VPN,True
586,Internal HR Portal,True
587,Email,True
587,Island Cloud,False
587,VPN,True
587,Internal HR Portal,True
588,Email,True
588,Island Cloud,True
588,VPN,True
588,Internal HR Portal,False
589,Email,True
589,Island Cloud,False
589,VPN,True
589,Internal HR Portal,True
590,Email,True
590,Island Cloud,True
590,VPN,True
590,Internal HR Portal,True
591,Email,True
591,Island Cloud,True
591,VPN,True
591,Internal HR Portal,False
592,Email,True
592,Island Cloud,True
592,VPN,False
592,Internal HR Portal,False
593,Email,False
593,Island Cloud,False
593,VPN,True
593,Internal HR Portal,False
594,Email,True
594,Island Cloud,True
594,VPN,False
594,Internal HR Portal,True
595,Email,True
595,Island Cloud,True
595,VPN,True
595,Internal HR Portal,True
596,Email,True
596,Island Cloud,True
596,VPN,False
596,Internal HR Portal,True
597,Email,True
597,Island Cloud,False
597,VPN,True
597,Internal HR Portal,True
598,Email,True
598,Island Cloud,False
598,VPN,False
598,Internal HR Portal,False
599,Email,False
599,Island Cloud,True
599,VPN,False
599,Internal HR Portal,True
600,Email,True
600,Island Cloud,True
600,VPN,True
600,Internal HR Portal,True
601,Email,True
601,Island Cloud,True
601,VPN,False
601,Internal HR Portal,True
602,Email,True
602,Island Cloud,False
602,VPN,True
602,Internal HR Portal,True
603,Email,True
603,Island Cloud,True
603,VPN,True
603,Internal HR Portal,True
604,Email,True
604,Island Cloud,True
604,VPN,True
604,Internal HR Portal,True
605,Email,True
605,Island Cloud,True
605,VPN,False
605,Internal HR Portal,True
606,Email,True
606,Island Cloud,True
606,VPN,True
606,Internal HR Portal,True
607,Email,True
607,Island Cloud,True
607,VPN,True
607,Internal HR Portal,True
608,Email,True
608,Island Cloud,False
608,VPN,False
608,Internal HR Portal,True
609,Email,True
609,Island Cloud,True
609,VPN,True
609,Internal HR Portal,True
610,Email,True
610,Island Cloud,True
610,VPN,True
610,Internal HR Portal,True
611,Email,True
611,Island Cloud,True
611,VPN,True
611,Internal HR Portal,True
612,Email,True
612,Island Cloud,False
612,VPN,True
612,Internal HR Portal,True
613,Email,False
613,Island Cloud,True
613,VPN,True
613,Internal HR Portal,False
614,Email,True
614,Island Cloud,False
614,VPN,True
614,Internal HR Portal,False
615,Email,True
615,Island Cloud,True
615,VPN,True
615,Internal HR Portal,True
616,Email,True
616,Island Cloud,True
616,VPN,True
616,Internal HR Portal,True
617,Email,True
617,Island Cloud,True
617,VPN,True
617,Internal HR Portal,True
618,Email,True
618,Island Cloud,True
618,VPN,True
618,Internal HR Portal,True
619,Email,True
619,Island Cloud,True
619,VPN,True
619,Internal HR Portal,True
620,Email,True
620,Island Cloud,True
620,VPN,True
620,Internal HR Portal,True
621,Email,False
621,Island Cloud,False
621,VPN,False
621,Internal HR Portal,True
622,Email,True
622,Island Cloud,True
622,VPN,True
622,Internal HR Portal,False
623,Email,True
623,Island Cloud,True
623,VPN,True
623,Internal HR Portal,False
624,Email,True
624,Island Cloud,True
624,VPN,True
624,Internal HR Portal,True
625,Email,False
625,Island Cloud,True
625,VPN,True
625,Internal HR Portal,True
626,Email,False
626,Island Cloud,True
626,VPN,True
626,Internal HR Portal,False
627,Email,True
627,Island Cloud,True
627,VPN,True
627,Internal HR Portal,True
628,Email,True
628,Island Cloud,False
628,VPN,True
628,Internal HR Portal,True
629,Email,True
629,Island Cloud,True
629,VPN,False
629,Internal HR Portal,False
630,Email,True
630,Island Cloud,True
630,VPN,False
630,Internal HR Portal,False
631,Email,True
631,Island Cloud,True
631,VPN,True
631,Internal HR Portal,True
632,Email,True
632,Island Cloud,False
632,VPN,False
632,Internal HR Portal,True
633,Email,True
633,Island Cloud,True
633,VPN,True
633,Internal HR Portal,True
634,Email,False
634,Island Cloud,True
634,VPN,True
634,Internal HR Portal,False
635,Email,True
635,Island Cloud,False
635,VPN,True
635,Internal HR Portal,False
636,Email,True
636,Island Cloud,True
636,VPN,True
636,Internal HR Portal,True
637,Email,True
637,Island Cloud,True
637,VPN,True
637,Internal HR Portal,False
638,Email,False
638,Island Cloud,True
638,VPN,False
638,Internal HR Portal,True
639,Email,True
639,Island Cloud,True
639,VPN,True
639,Internal HR Portal,True
640,Email,True
640,Island Cloud,True
640,VPN,True
640,Internal HR Portal,True
641,Email,True
641,Island Cloud,True
641,VPN,True
641,Internal HR Portal,True
642,Email,False
642,Island Cloud,False
642,VPN,True
642,Internal HR Portal,True
643,Email,False
643,Island Cloud,True
643,VPN,True
643,Internal HR Portal,True
644,Email,True
644,Island Cloud,True
644,VPN,False
644,Internal HR Portal,True
645,Email,False
645,Island Cloud,False
645,VPN,False
645,Internal HR Portal,False
646,Email,False
646,Island Cloud,True
646,VPN,True
646,Internal HR Portal,False
647,Email,True
647,Island Cloud,True
647,VPN,True
647,Internal HR Portal,True
648,Email,True
648,Island Cloud,True
648,VPN,True
648,Internal HR Portal,True
649,Email,True
649,Island Cloud,False
649,VPN,False
649,Internal HR Portal,True
650,Email,True
650,Island Cloud,True
650,VPN,True
650,Internal HR Portal,True
651,Email,True
651,Island Cloud,True
651,VPN,True
651,Internal HR Portal,True
652,Email,True
652,Island Cloud,True
652,VPN,True
652,Internal HR Portal,True
653,Email,True
653,Island Cloud,True
653,VPN,True
653,Internal HR Portal,True
654,Email,False
654,Island Cloud,True
654,VPN,True
654,Internal HR Portal,True
655,Email,True
655,Island Cloud,True
655,VPN,True
655,Internal HR Portal,True
656,Email,True
656,Island Cloud,True
656,VPN,True
656,Internal HR Portal,True
657,Email,True
657,Island Cloud,False
657,VPN,True
657,Internal HR Portal,True
658,Email,True
658,Island Cloud,True
658,VPN,True
658,Internal HR Portal,True
659,Email,True
659,Island Cloud,True
659,VPN,False
659,Internal HR Portal,True
660,Email,False
660,Island Cloud,False
660,VPN,False
660,Internal HR Portal,True
661,Email,True
661,Island Cloud,True
661,VPN,True
661,Internal HR Portal,True
662,Email,True
662,Island Cloud,True
662,VPN,True
662,Internal HR Portal,True
663,Email,True
663,Island Cloud,True
663,VPN,True
663,Internal HR Portal,True
664,Email,True
664,Island Cloud,True
664,VPN,True
664,Internal HR Portal,True
665,Email,True
665,Island Cloud,False
665,VPN,False
665,Internal HR Portal,False
666,Email,True
666,Island Cloud,True
666,VPN,True
666,Internal HR Portal,True
667,Email,True
667,Island Cloud,True
667,VPN,True
667,Internal HR Portal,True
668,Email,True
668,Island Cloud,True
668,VPN,True
668,Internal HR Portal,True
669,Email,False
669,Island Cloud,True
669,VPN,True
669,Internal HR Portal,True
670,Email,False
670,Island Cloud,True
670,VPN,True
670,Internal HR Portal,True
671,Email,True
671,Island Cloud,False
671,VPN,True
671,Internal HR Portal,True
672,Email,True
672,Island Cloud,True
672,VPN,True
672,Internal HR Portal,True
673,Email,False
673,Island Cloud,True
673,VPN,False
673,Internal HR Portal,True
674,Email,True
674,Island Cloud,True
674,VPN,True
674,Internal HR Portal,True
675,Email,True
675,Island Cloud,True
675,VPN,True
675,Internal HR Portal,True
676,Email,False
676,Island Cloud,True
676,VPN,True
676,Internal HR Portal,True
677,Email,True
677,Island Cloud,True
677,VPN,True
677,Internal HR Portal,True
678,Email,True
678,Island Cloud,True
678,VPN,True
678,Internal HR Portal,False
679,Email,True
679,Island Cloud,True
679,VPN,True
679,Internal HR Portal,True
680,Email,False
680,Island Cloud,True
680,VPN,False
680,Internal HR Portal,False
681,Email,False
681,Island Cloud,True
681,VPN,False
681,Internal HR Portal,True
682,Email,True
682,Island Cloud,True
682,VPN,False
682,Internal HR Portal,False
683,Email,True
683,Island Cloud,True
683,VPN,True
683,Internal HR Portal,False
684,Email,False
684,Island Cloud,True
684,VPN,True
684,Internal HR Portal,True
685,Email,True
685,Island Cloud,True
685,VPN,True
685,Internal HR Portal,True
686,Email,True
686,Island Cloud,True
686,VPN,True
686,Internal HR Portal,True
687,Email,False
687,Island Cloud,False
687,VPN,True
687,Internal HR Portal,False
688,Email,False
688,Island Cloud,True
688,VPN,False
688,Internal HR Portal,True
689,Email,True
689,Island Cloud,True
689,VPN,True
689,Internal HR Portal,True
690,Email,True
690,Island Cloud,True
690,VPN,False
690,Internal HR Portal,True
691,Email,False
691,Island Cloud,True
691,VPN,True
691,Internal HR Portal,True
692,Email,True
692,Island Cloud,True
692,VPN,True
692,Internal HR Portal,False
693,Email,True
693,Island Cloud,True
693,VPN,False
693,Internal HR Portal,False
694,Email,True
694,Island Cloud,True
694,VPN,True
694,Internal HR Portal,False
695,Email,False
695,Island Cloud,True
695,VPN,True
695,Internal HR Portal,False
696,Email,True
696,Island Cloud,False
696,VPN,True
696,Internal HR Portal,True
697,Email,True
697,Island Cloud,False
697,VPN,True
697,Internal HR Portal,True
698,Email,True
698,Island Cloud,True
698,VPN,True
698,Internal HR Portal,True
699,Email,True
699,Island Cloud,True
699,VPN,True
699,Internal HR Portal,False
700,Email,True
700,Island Cloud,True
700,VPN,True
700,Internal HR Portal,True
701,Email,True
701,Island Cloud,True
701,VPN,False
701,Internal HR Portal,True
702,Email,True
702,Island Cloud,True
702,VPN,True
702,Internal HR Portal,True
703,Email,True
703,Island Cloud,True
703,VPN,True
703,Internal HR Portal,False
704,Email,True
704,Island Cloud,True
704,VPN,True
704,Internal HR Portal,True
705,Email,True
705,Island Cloud,True
705,VPN,True
705,Internal HR Portal,False
706,Email,True
706,Island Cloud,True
706,VPN,True
706,Internal HR Portal,False
707,Email,False
707,Island Cloud,False
707,VPN,True
707,Internal HR Portal,True
708,Email,True
708,Island Cloud,False
708,VPN,True
708,Internal HR Portal,False
709,Email,False
709,Island Cloud,True
709,VPN,True
709,Internal HR Portal,True
710,Email,True
710,Island Cloud,True
710,VPN,True
710,Internal HR Portal,False
711,Email,True
711,Island Cloud,True
711,VPN,False
711,Internal HR Portal,True
712,Email,True
712,Island Cloud,True
712,VPN,True
712,Internal HR Portal,True
713,Email,True
713,Island Cloud,True
713,VPN,False
713,Internal HR Portal,True
714,Email,True
714,Island Cloud,False
714,VPN,False
714,Internal HR Portal,True
715,Email,True
715,Island Cloud,True
715,VPN,True
715,Internal HR Portal,True
716,Email,False
716,Island Cloud,False
716,VPN,False
716,Internal HR Portal,False
717,Email,True
717,Island Cloud,True
717,VPN,True
717,Internal HR Portal,True
718,Email,True
718,Island Cloud,True
718,VPN,True
718,Internal HR Portal,True
719,Email,True
719,Island Cloud,False
719,VPN,False
719,Internal HR Portal,True
720,Email,False
720,Island Cloud,True
720,VPN,True
720,Internal HR Portal,True
721,Email,True
721,Island Cloud,True
721,VPN,True
721,Internal HR Portal,True
722,Email,True
722,Island Cloud,False
722,VPN,True
722,Internal HR Portal,True
723,Email,True
723,Island Cloud,True
723,VPN,True
723,Internal HR Portal,False
724,Email,True
724,Island Cloud,True
724,VPN,True
724,Internal HR Portal,True
725,Email,False
725,Island Cloud,True
725,VPN,True
725,Internal HR Portal,True
726,Email,True
726,Island Cloud,True
726,VPN,True
726,Internal HR Portal,True
727,Email,True
727,Island Cloud,True
727,VPN,False
727,Internal HR Portal,False
728,Email,True
728,Island Cloud,False
728,VPN,True
728,Internal HR Portal,True
729,Email,True
729,Island Cloud,True
729,VPN,True
729,Internal HR Portal,True
730,Email,True
730,Island Cloud,True
730,VPN,False
730,Internal HR Portal,True
731,Email,True
731,Island Cloud,True
731,VPN,True
731,Internal HR Portal,True
732,Email,True
732,Island Cloud,True
732,VPN,True
732,Internal HR Portal,True
733,Email,True
733,Island Cloud,True
733,VPN,True
733,Internal HR Portal,False
734,Email,True
734,Island Cloud,True
734,VPN,False
734,Internal HR Portal,True
735,Email,True
735,Island Cloud,True
735,VPN,True
735,Internal HR Portal,False
736,Email,False
736,Island Cloud,True
736,VPN,True
736,Internal HR Portal,False
737,Email,True
737,Island Cloud,True
737,VPN,True
737,Internal HR Portal,True
738,Email,True
738,Island Cloud,True
738,VPN,True
738,Internal HR Portal,True
739,Email,True
739,Island Cloud,True
739,VPN,True
739,Internal HR Portal,True
740,Email,True
740,Island Cloud,False
740,VPN,False
740,Internal HR Portal,True
741,Email,True
741,Island Cloud,True
741,VPN,True
741,Internal HR Portal,True
742,Email,True
742,Island Cloud,True
742,VPN,True
742,Internal HR Portal,True
743,Email,True
743,Island Cloud,True
743,VPN,True
743,Internal HR Portal,True
744,Email,True
744,Island Cloud,False
744,VPN,True
744,Internal HR Portal,True
745,Email,True
745,Island Cloud,True
745,VPN,True
745,Internal HR Portal,True
746,Email,True
746,Island Cloud,True
746,VPN,True
746,Internal HR Portal,False
747,Email,True
747,Island Cloud,True
747,VPN,True
747,Internal HR Portal,True
748,Email,True
748,Island Cloud,True
748,VPN,True
748,Internal HR Portal,False
749,Email,True
749,Island Cloud,True
749,VPN,True
749,Internal HR Portal,True
750,Email,True
750,Island Cloud,True
750,VPN,True
750,Internal HR Portal,True
751,Email,True
751,Island Cloud,True
751,VPN,True
751,Internal HR Portal,False
752,Email,True
752,Island Cloud,True
752,VPN,True
752,Internal HR Portal,True
753,Email,True
753,Island Cloud,True
753,VPN,True
753,Internal HR Portal,False
754,Email,True
754,Island Cloud,True
754,VPN,True
754,Internal HR Portal,True
755,Email,True
755,Island Cloud,True
755,VPN,True
755,Internal HR Portal,True
756,Email,True
756,Island Cloud,True
756,VPN,True
756,Internal HR Portal,False
757,Email,True
757,Island Cloud,True
757,VPN,True
757,Internal HR Portal,True
758,Email,True
758,Island Cloud,True
758,VPN,False
758,Internal HR Portal,False
759,Email,False
759,Island Cloud,True
759,VPN,True
759,Internal HR Portal,True
760,Email,False
760,Island Cloud,True
760,VPN,True
760,Internal HR Portal,True
761,Email,True
761,Island Cloud,True
761,VPN,True
761,Internal HR Portal,True
762,Email,True
762,Island Cloud,True
762,VPN,True
762,Internal HR Portal,True
763,Email,True
763,Island Cloud,True
763,VPN,False
763,Internal HR Portal,True
764,Email,True
764,Island Cloud,True
764,VPN,True
764,Internal HR Portal,False
765,Email,True
765,Island Cloud,True
765,VPN,True
765,Internal HR Portal,True
766,Email,True
766,Island Cloud,True
766,VPN,True
766,Internal HR Portal,False
767,Email,True
767,Island Cloud,True
767,VPN,True
767,Internal HR Portal,True
768,Email,True
768,Island Cloud,True
768,VPN,True
768,Internal HR Portal,True
769,Email,True
769,Island Cloud,False
769,VPN,True
769,Internal HR Portal,True
770,Email,True
770,Island Cloud,False
770,VPN,True
770,Internal HR Portal,False
771,Email,True
771,Island Cloud,True
771,VPN,True
771,Internal HR Portal,True
772,Email,True
772,Island Cloud,True
772,VPN,True
772,Internal HR Portal,True
773,Email,False
773,Island Cloud,True
773,VPN,True
773,Internal HR Portal,True
774,Email,True
774,Island Cloud,False
774,VPN,True
774,Internal HR Portal,True
775,Email,True
775,Island Cloud,True
775,VPN,False
775,Internal HR Portal,False
776,Email,False
776,Island Cloud,True
776,VPN,False
776,Internal HR Portal,True
777,Email,True
777,Island Cloud,True
777,VPN,True
777,Internal HR Portal,True
778,Email,True
778,Island Cloud,True
778,VPN,True
778,Internal HR Portal,True
779,Email,True
779,Island Cloud,True
779,VPN,True
779,Internal HR Portal,True
780,Email,True
780,Island Cloud,True
780,VPN,True
780,Internal HR Portal,True
781,Email,True
781,Island Cloud,True
781,VPN,True
781,Internal HR Portal,True
782,Email,True
782,Island Cloud,True
782,VPN,False
782,Internal HR Portal,True
783,Email,True
783,Island Cloud,True
783,VPN,True
783,Internal HR Portal,False
784,Email,True
784,Island Cloud,True
784,VPN,True
784,Internal HR Portal,False
785,Email,True
785,Island Cloud,True
785,VPN,True
785,Internal HR Portal,True
786,Email,True
786,Island Cloud,True
786,VPN,True
786,Internal HR Portal,True
787,Email,False
787,Island Cloud,False
787,VPN,True
787,Internal HR Portal,False
788,Email,True
788,Island Cloud,True
788,VPN,True
788,Internal HR Portal,True
789,Email,False
789,Island Cloud,False
789,VPN,False
789,Internal HR Portal,True
790,Email,True
790,Island Cloud,True
790,VPN,False
790,Internal HR Portal,False
791,Email,True
791,Island Cloud,True
791,VPN,True
791,Internal HR Portal,True
792,Email,True
792,Island Cloud,True
792,VPN,True
792,Internal HR Portal,True
793,Email,True
793,Island Cloud,True
793,VPN,True
793,Internal HR Portal,True
794,Email,True
794,Island Cloud,True
794,VPN,True
794,Internal HR Portal,True
795,Email,True
795,Island Cloud,True
795,VPN,True
795,Internal HR Portal,True
796,Email,True
796,Island Cloud,True
796,VPN,False
796,Internal HR Portal,True
797,Email,True
797,Island Cloud,True
797,VPN,True
797,Internal HR Portal,True
798,Email,True
798,Island Cloud,True
798,VPN,True
798,Internal HR Portal,True
799,Email,True
799,Island Cloud,True
799,VPN,False
799,Internal HR Portal,True
800,Email,False
800,Island Cloud,True
800,VPN,True
800,Internal HR Portal,False
801,Email,True
801,Island Cloud,False
801,VPN,True
801,Internal HR Portal,True
802,Email,True
802,Island Cloud,True
802,VPN,True
802,Internal HR Portal,True
803,Email,True
803,Island Cloud,True
803,VPN,True
803,Internal HR Portal,False
804,Email,True
804,Island Cloud,True
804,VPN,True
804,Internal HR Portal,True
805,Email,False
805,Island Cloud,True
805,VPN,True
805,Internal HR Portal,True
806,Email,True
806,Island Cloud,True
806,VPN,True
806,Internal HR Portal,True
807,Email,False
807,Island Cloud,False
807,VPN,True
807,Internal HR Portal,True
808,Email,True
808,Island Cloud,True
808,VPN,True
808,Internal HR Portal,True
809,Email,True
809,Island Cloud,True
809,VPN,True
809,Internal HR Portal,True
810,Email,True
810,Island Cloud,True
810,VPN,True
810,Internal HR Portal,True
811,Email,True
811,Island Cloud,False
811,VPN,True
811,Internal HR Portal,False
812,Email,False
812,Island Cloud,True
812,VPN,True
812,Internal HR Portal,True
813,Email,True
813,Island Cloud,True
813,VPN,True
813,Internal HR Portal,True
814,Email,True
814,Island Cloud,False
814,VPN,True
814,Internal HR Portal,True
815,Email,True
815,Island Cloud,False
815,VPN,True
815,Internal HR Portal,True
816,Email,True
816,Island Cloud,True
816,VPN,True
816,Internal HR Portal,False
817,Email,True
817,Island Cloud,True
817,VPN,False
817,Internal HR Portal,False
818,Email,True
818,Island Cloud,True
818,VPN,True
818,Internal HR Portal,False
819,Email,False
819,Island Cloud,True
819,VPN,True
819,Internal HR Portal,True
820,Email,False
820,Island Cloud,True
820,VPN,True
820,Internal HR Portal,True
821,Email,False
821,Island Cloud,True
821,VPN,True
821,Internal HR Portal,False
822,Email,True
822,Island Cloud,False
822,VPN,True
822,Internal HR Portal,True
823,Email,True
823,Island Cloud,True
823,VPN,True
823,Internal HR Portal,True
824,Email,True
824,Island Cloud,False
824,VPN,False
824,Internal HR Portal,True
825,Email,True
825,Island Cloud,False
825,VPN,True
825,Internal HR Portal,False
826,Email,True
826,Island Cloud,False
826,VPN,True
826,Internal HR Portal,True
827,Email,True
827,Island Cloud,True
827,VPN,True
827,Internal HR Portal,True
828,Email,True
828,Island Cloud,True
828,VPN,True
828,Internal HR Portal,True
829,Email,True
829,Island Cloud,True
829,VPN,True
829,Internal HR Portal,True
830,Email,False
830,Island Cloud,True
830,VPN,True
830,Internal HR Portal,True
831,Email,True
831,Island Cloud,True
831,VPN,True
831,Internal HR Portal,False
832,Email,True
832,Island Cloud,True
832,VPN,True
832,Internal HR Portal,True
833,Email,True
833,Island Cloud,True
833,VPN,True
833,Internal HR Portal,True
834,Email,True
834,Island Cloud,True
834,VPN,True
834,Internal HR Portal,True
835,Email,True
835,Island Cloud,True
835,VPN,True
835,Internal HR Portal,True
836,Email,True
836,Island Cloud,True
836,VPN,True
836,Internal HR Portal,True
837,Email,True
837,Island Cloud,True
837,VPN,True
837,Internal HR Portal,True
838,Email,True
838,Island Cloud,False
838,VPN,True
838,Internal HR Portal,True
839,Email,True
839,Island Cloud,False
839,VPN,True
839,Internal HR Portal,True
840,Email,False
840,Island Cloud,False
840,VPN,False
840,Internal HR Portal,True
841,Email,True
841,Island Cloud,True
841,VPN,True
841,Internal HR Portal,True
842,Email,True
842,Island Cloud,True
842,VPN,True
842,Internal HR Portal,True
843,Email,True
843,Island Cloud,True
843,VPN,True
843,Internal HR Portal,True
844,Email,True
844,Island Cloud,True
844,VPN,True
844,Internal HR Portal,False
845,Email,True
845,Island Cloud,True
845,VPN,True
845,Internal HR Portal,False
846,Email,True
846,Island Cloud,True
846,VPN,True
846,Internal HR Portal,True
847,Email,True
847,Island Cloud,True
847,VPN,True
847,Internal HR Portal,True
848,Email,True
848,Island Cloud,True
848,VPN,True
848,Internal HR Portal,True
849,Email,True
849,Island Cloud,True
849,VPN,True
849,Internal HR Portal,True
850,Email,True
850,Island Cloud,True
850,VPN,True
850,Internal HR Portal,True
851,Email,False
851,Island Cloud,True
851,VPN,True
851,Internal HR Portal,False
852,Email,True
852,Island Cloud,True
852,VPN,True
852,Internal HR Portal,True
853,Email,True
853,Island Cloud,True
853,VPN,True
853,Internal HR Portal,True
854,Email,False
854,Island Cloud,True
854,VPN,True
854,Internal HR Portal,False
855,Email,True
855,Island Cloud,True
855,VPN,True
855,Internal HR Portal,True
856,Email,True
856,Island Cloud,True
856,VPN,True
856,Internal HR Portal,True
857,Email,True
857,Island Cloud,False
857,VPN,True
857,Internal HR Portal,True
858,Email,True
858,Island Cloud,True
858,VPN,True
858,Internal HR Portal,True
859,Email,True
859,Island Cloud,True
859,VPN,True
859,Internal HR Portal,True
860,Email,True
860,Island Cloud,True
860,VPN,True
860,Internal HR Portal,False
861,Email,True
861,Island Cloud,True
861,VPN,True
861,Internal HR Portal,True
862,Email,True
862,Island Cloud,True
862,VPN,True
862,Internal HR Portal,True
863,Email,True
863,Island Cloud,True
863,VPN,True
863,Internal HR Portal,True
864,Email,False
864,Island Cloud,True
864,VPN,False
864,Internal HR Portal,True
865,Email,True
865,Island Cloud,True
865,VPN,True
865,Internal HR Portal,True
866,Email,True
866,Island Cloud,True
866,VPN,True
866,Internal HR Portal,True
867,Email,True
867,Island Cloud,True
867,VPN,True
867,Internal HR Portal,True
868,Email,False
868,Island Cloud,True
868,VPN,True
868,Internal HR Portal,True
869,Email,True
869,Island Cloud,True
869,VPN,True
869,Internal HR Portal,True
870,Email,True
870,Island Cloud,True
870,VPN,False
870,Internal HR Portal,True
871,Email,True
871,Island Cloud,False
871,VPN,True
871,Internal HR Portal,True
872,Email,True
872,Island Cloud,True
872,VPN,True
872,Internal HR Portal,False
873,Email,True
873,Island Cloud,True
873,VPN,True
873,Internal HR Portal,True
874,Email,True
874,Island Cloud,True
874,VPN,True
874,Internal HR Portal,True
875,Email,False
875,Island Cloud,False
875,VPN,True
875,Internal HR Portal,True
876,Email,True
876,Island Cloud,True
876,VPN,True
876,Internal HR Portal,True
877,Email,True
877,Island Cloud,True
877,VPN,True
877,Internal HR Portal,False
878,Email,True
878,Island Cloud,True
878,VPN,True
878,Internal HR Portal,False
879,Email,True
879,Island Cloud,True
879,VPN,True
879,Internal HR Portal,True
880,Email,False
880,Island Cloud,True
880,VPN,False
880,Internal HR Portal,True
881,Email,True
881,Island Cloud,True
881,VPN,True
881,Internal HR Portal,True
882,Email,True
882,Island Cloud,True
882,VPN,False
882,Internal HR Portal,False
883,Email,False
883,Island Cloud,True
883,VPN,False
883,Internal HR Portal,True
884,Email,True
884,Island Cloud,False
884,VPN,True
884,Internal HR Portal,True
885,Email,True
885,Island Cloud,True
885,VPN,False
885,Internal HR Portal,False
886,Email,True
886,Island Cloud,True
886,VPN,True
886,Internal HR Portal,True
887,Email,True
887,Island Cloud,True
887,VPN,True
887,Internal HR Portal,True
888,Email,True
888,Island Cloud,False
888,VPN,True
888,Internal HR Portal,True
889,Email,False
889,Island Cloud,True
889,VPN,True
889,Internal HR Portal,True
890,Email,True
890,Island Cloud,True
890,VPN,True
890,Internal HR Portal,True
891,Email,True
891,Island Cloud,True
891,VPN,True
891,Internal HR Portal,False
892,Email,True
892,Island Cloud,False
892,VPN,True
892,Internal HR Portal,False
893,Email,True
893,Island Cloud,True
893,VPN,True
893,Internal HR Portal,True
894,Email,True
894,Island Cloud,True
894,VPN,True
894,Internal HR Portal,True
895,Email,False
895,Island Cloud,True
895,VPN,True
895,Internal HR Portal,False
896,Email,True
896,Island Cloud,True
896,VPN,False
896,Internal HR Portal,True
897,Email,True
897,Island Cloud,True
897,VPN,True
897,Internal HR Portal,True
898,Email,True
898,Island Cloud,True
898,VPN,True
898,Internal HR Portal,True
899,Email,True
899,Island Cloud,True
899,VPN,True
899,Internal HR Portal,True
900,Email,False
900,Island Cloud,True
900,VPN,False
900,Internal HR Portal,True
901,Email,True
901,Island Cloud,True
901,VPN,True
901,Internal HR Portal,False
902,Email,False
902,Island Cloud,True
902,VPN,True
902,Internal HR Portal,False
903,Email,True
903,Island Cloud,True
903,VPN,True
903,Internal HR Portal,True
904,Email,True
904,Island Cloud,True
904,VPN,False
904,Internal HR Portal,True
905,Email,True
905,Island Cloud,False
905,VPN,False
905,Internal HR Portal,True
906,Email,True
906,Island Cloud,False
906,VPN,True
906,Internal HR Portal,True
907,Email,True
907,Island Cloud,False
907,VPN,True
907,Internal HR Portal,False
908,Email,False
908,Island Cloud,False
908,VPN,True
908,Internal HR Portal,True
909,Email,True
909,Island Cloud,True
909,VPN,True
909,Internal HR Portal,True
910,Email,True
910,Island Cloud,True
910,VPN,True
910,Internal HR Portal,True
911,Email,True
911,Island Cloud,True
911,VPN,True
911,Internal HR Portal,True
912,Email,True
912,Island Cloud,True
912,VPN,True
912,Internal HR Portal,True
913,Email,True
913,Island Cloud,True
913,VPN,True
913,Internal HR Portal,True
914,Email,True
914,Island Cloud,True
914,VPN,True
914,Internal HR Portal,True
915,Email,False
915,Island Cloud,False
915,VPN,False
915,Internal HR Portal,True
916,Email,True
916,Island Cloud,True
916,VPN,True
916,Internal HR Portal,True
917,Email,True
917,Island Cloud,False
917,VPN,True
917,Internal HR Portal,True
918,Email,False
918,Island Cloud,True
918,VPN,True
918,Internal HR Portal,True
919,Email,False
919,Island Cloud,True
919,VPN,True
919,Internal HR Portal,False
920,Email,True
920,Island Cloud,False
920,VPN,False
920,Internal HR Portal,False
921,Email,True
921,Island Cloud,True
921,VPN,True
921,Internal HR Portal,True
922,Email,True
922,Island Cloud,True
922,VPN,True
922,Internal HR Portal,True
923,Email,True
923,Island Cloud,True
923,VPN,True
923,Internal HR Portal,False
924,Email,True
924,Island Cloud,True
924,VPN,True
924,Internal HR Portal,True
925,Email,True
925,Island Cloud,False
925,VPN,True
925,Internal HR Portal,True
926,Email,True
926,Island Cloud,True
926,VPN,True
926,Internal HR Portal,True
927,Email,True
927,Island Cloud,True
927,VPN,True
927,Internal HR Portal,True
928,Email,True
928,Island Cloud,True
928,VPN,True
928,Internal HR Portal,True
929,Email,True
929,Island Cloud,True
929,VPN,True
929,Internal HR Portal,True
930,Email,True
930,Island Cloud,False
930,VPN,False
930,Internal HR Portal,True
931,Email,True
931,Island Cloud,True
931,VPN,True
931,Internal HR Portal,False
932,Email,False
932,Island Cloud,False
932,VPN,False
932,Internal HR Portal,True
933,Email,True
933,Island Cloud,True
933,VPN,True
933,Internal HR Portal,True
934,Email,True
934,Island Cloud,True
934,VPN,True
934,Internal HR Portal,True
935,Email,False
935,Island Cloud,True
935,VPN,False
935,Internal HR Portal,True
936,Email,True
936,Island Cloud,False
936,VPN,False
936,Internal HR Portal,True
937,Email,True
937,Island Cloud,True
937,VPN,True
937,Internal HR Portal,True
938,Email,True
938,Island Cloud,True
938,VPN,True
938,Internal HR Portal,True
939,Email,True
939,Island Cloud,True
939,VPN,True
939,Internal HR Portal,True
940,Email,False
940,Island Cloud,True
940,VPN,True
940,Internal HR Portal,True
941,Email,True
941,Island Cloud,True
941,VPN,True
941,Internal HR Portal,True
942,Email,True
942,Island Cloud,False
942,VPN,True
942,Internal HR Portal,True
943,Email,True
943,Island Cloud,True
943,VPN,True
943,Internal HR Portal,True
944,Email,False
944,Island Cloud,True
944,VPN,True
944,Internal HR Portal,True
945,Email,False
945,Island Cloud,True
945,VPN,True
945,Internal HR Portal,True
946,Email,True
946,Island Cloud,True
946,VPN,True
946,Internal HR Portal,True
947,Email,True
947,Island Cloud,True
947,VPN,False
947,Internal HR Portal,True
948,Email,True
948,Island Cloud,True
948,VPN,True
948,Internal HR Portal,True
949,Email,True
949,Island Cloud,True
949,VPN,True
949,Internal HR Portal,True
950,Email,True
950,Island Cloud,True
950,VPN,True
950,Internal HR Portal,False
951,Email,True
951,Island Cloud,True
951,VPN,False
951,Internal HR Portal,True
952,Email,True
952,Island Cloud,False
952,VPN,True
952,Internal HR Portal,True
953,Email,True
953,Island Cloud,True
953,VPN,True
953,Internal HR Portal,True
954,Email,True
954,Island Cloud,True
954,VPN,True
954,Internal HR Portal,False
955,Email,True
955,Island Cloud,True
955,VPN,True
955,Internal HR Portal,True
956,Email,True
956,Island Cloud,True
956,VPN,True
956,Internal HR Portal,True
957,Email,True
957,Island Cloud,True
957,VPN,False
957,Internal HR Portal,True
958,Email,True
958,Island Cloud,True
958,VPN,True
958,Internal HR Portal,True
959,Email,True
959,Island Cloud,False
959,VPN,True
959,Internal HR Portal,True
960,Email,False
960,Island Cloud,True
960,VPN,True
960,Internal HR Portal,True
961,Email,False
961,Island Cloud,False
961,VPN,True
961,Internal HR Portal,False
962,Email,True
962,Island Cloud,True
962,VPN,True
962,Internal HR Portal,True
963,Email,True
963,Island Cloud,True
963,VPN,True
963,Internal HR Portal,True
964,Email,True
964,Island Cloud,True
964,VPN,True
964,Internal HR Portal,True
965,Email,True
965,Island Cloud,True
965,VPN,True
965,Internal HR Portal,True
966,Email,True
966,Island Cloud,True
966,VPN,True
966,Internal HR Portal,True
967,Email,True
967,Island Cloud,True
967,VPN,True
967,Internal HR Portal,True
968,Email,True
968,Island Cloud,True
968,VPN,True
968,Internal HR Portal,True
969,Email,True
969,Island Cloud,True
969,VPN,True
969,Internal HR Portal,True
970,Email,True
970,Island Cloud,True
970,VPN,True
970,Internal HR Portal,True
971,Email,False
971,Island Cloud,True
971,VPN,False
971,Internal HR Portal,True
972,Email,True
972,Island Cloud,True
972,VPN,True
972,Internal HR Portal,True
973,Email,True
973,Island Cloud,False
973,VPN,True
973,Internal HR Portal,True
974,Email,True
974,Island Cloud,True
974,VPN,True
974,Internal HR Portal,True
975,Email,True
975,Island Cloud,True
975,VPN,True
975,Internal HR Portal,False
976,Email,True
976,Island Cloud,True
976,VPN,True
976,Internal HR Portal,True
977,Email,True
977,Island Cloud,True
977,VPN,True
977,Internal HR Portal,True
978,Email,False
978,Island Cloud,True
978,VPN,True
978,Internal HR Portal,True
979,Email,True
979,Island Cloud,False
979,VPN,True
979,Internal HR Portal,True
980,Email,False
980,Island Cloud,True
980,VPN,True
980,Internal HR Portal,True
981,Email,False
981,Island Cloud,True
981,VPN,False
981,Internal HR Portal,True
982,Email,True
982,Island Cloud,True
982,VPN,False
982,Internal HR Portal,False
983,Email,True
983,Island Cloud,True
983,VPN,True
983,Internal HR Portal,True
984,Email,False
984,Island Cloud,True
984,VPN,True
984,Internal HR Portal,True
985,Email,True
985,Island Cloud,True
985,VPN,True
985,Internal HR Portal,True
986,Email,True
986,Island Cloud,False
986,VPN,True
986,Internal HR Portal,False
987,Email,True
987,Island Cloud,True
987,VPN,True
987,Internal HR Portal,True
988,Email,True
988,Island Cloud,True
988,VPN,False
988,Internal HR Portal,False
989,Email,True
989,Island Cloud,True
989,VPN,True
989,Internal HR Portal,True
990,Email,True
990,Island Cloud,True
990,VPN,True
990,Internal HR Portal,True
991,Email,True
991,Island Cloud,True
991,VPN,True
991,Internal HR Portal,True
992,Email,True
992,Island Cloud,True
992,VPN,True
992,Internal HR Portal,True
993,Email,False
993,Island Cloud,True
993,VPN,True
993,Internal HR Portal,True
994,Email,True
994,Island Cloud,True
994,VPN,True
994,Internal HR Portal,True
995,Email,True
995,Island Cloud,True
995,VPN,True
995,Internal HR Portal,True
996,Email,False
996,Island Cloud,True
996,VPN,True
996,Internal HR Portal,True
997,Email,True
997,Island Cloud,True
997,VPN,True
997,Internal HR Portal,True
998,Email,True
998,Island Cloud,True
998,VPN,True
998,Internal HR Portal,True
999,Email,True
999,Island Cloud,True
999,VPN,True
999,Internal HR Portal,False
1000,Email,True
1000,Island Cloud,True
1000,VPN,False
1000,Internal HR Portal,True
