DeviceID,EmployeeID,DeviceType,OS_Version,LastPatchDate,AntivirusStatus
1001,1,Laptop,Windows 11,2026-02-22,Active
1002,2,Laptop,Windows 10,2026-02-27,Outdated
1003,3,Desktop,Windows 11,2026-03-17,Active
1004,4,Desktop,Windows 10,2025-12-29,Active
1005,5,Laptop,Windows 11,2026-01-07,Active
1006,5,Desktop,Windows 11,2026-02-21,Active
1007,6,Laptop,Windows 10,2026-02-09,Active
1008,7,Laptop,Windows 10,2026-01-14,Active
1009,8,Desktop,macOS Sonoma,2026-03-14,Active
1010,9,Laptop,macOS Sonoma,2025-12-26,Active
1011,10,Laptop,Windows 10,2026-02-05,Active
1012,11,Laptop,Windows 10,2026-02-14,Active
1013,12,Laptop,Linux,2026-03-20,Active
1014,13,Desktop,Windows 11,2026-01-20,Active
1015,14,Desktop,Windows 10,2026-02-22,Active
1016,15,Laptop,Windows 10,2026-01-04,Active
1017,15,Laptop,Windows 11,2026-02-10,Active
1018,16,Workstation,Windows 11,2026-02-27,Active
1019,17,Desktop,Windows 11,2026-01-21,Active
1020,18,Desktop,Windows 11,2026-01-22,Active
1021,18,Laptop,Windows 10,2026-02-11,Active
1022,19,Workstation,Windows 10,2026-03-06,Active
1023,20,Laptop,Windows 11,2026-01-21,Active
1024,21,Laptop,Linux,2026-01-17,Active
1025,22,Workstation,Windows 10,2026-03-06,Active
1026,23,Desktop,Windows 11,2026-01-04,Outdated
1027,23,Desktop,Windows 11,2026-03-21,Active
1028,24,Laptop,Windows 11,2026-02-09,Active
1029,25,Desktop,macOS Sonoma,2026-01-20,Outdated
1030,25,Workstation,Windows 10,2026-01-11,Active
1031,26,Desktop,Windows 10,2026-03-04,Active
1032,27,Laptop,Windows 10,2026-01-19,Active
1033,27,Workstation,Windows 10,2026-01-01,Active
1034,28,Laptop,Windows 11,2026-01-22,Active
1035,28,Desktop,Windows 10,2026-02-02,Active
1036,29,Desktop,macOS Sonoma,2025-12-31,Active
1037,29,Desktop,Windows 10,2026-01-12,Active
1038,30,Laptop,Windows 10,2026-01-20,Active
1039,31,Laptop,Windows 11,2026-03-21,Active
1040,32,Workstation,Windows 11,2026-03-01,Active
1041,32,Desktop,macOS Sonoma,2026-01-01,Outdated
1042,33,Desktop,Windows 11,2026-02-06,Active
1043,34,Workstation,Windows 10,2026-02-11,Active
1044,35,Workstation,macOS Sonoma,2026-01-27,Outdated
1045,36,Workstation,Windows 11,2026-03-11,Active
1046,37,Desktop,Windows 10,2026-03-07,Active
1047,37,Laptop,Windows 10,2026-03-11,Active
1048,38,Laptop,Linux,2026-02-08,Active
1049,39,Workstation,Windows 11,2026-01-24,Active
1050,40,Desktop,macOS Sonoma,2026-03-21,Active
1051,41,Desktop,macOS Sonoma,2026-02-24,Active
1052,42,Desktop,Windows 10,2026-03-20,Active
1053,43,Desktop,Windows 11,2026-03-03,Active
1054,44,Desktop,Windows 11,2026-03-01,Active
1055,45,Laptop,Windows 10,2026-02-17,Active
1056,46,Desktop,Windows 11,2026-02-20,Active
1057,47,Desktop,Windows 11,2026-01-17,Active
1058,48,Desktop,Windows 11,2026-03-14,Active
1059,49,Laptop,Windows 10,2026-03-15,Active
1060,50,Desktop,Windows 10,2025-12-29,Active
1061,51,Workstation,Windows 11,2026-01-06,Active
1062,51,Workstation,Windows 10,2026-02-04,Active
1063,52,Laptop,Windows 11,2026-02-24,Active
1064,53,Workstation,Windows 11,2026-01-17,Active
1065,54,Laptop,Windows 11,2026-01-08,Active
1066,54,Workstation,Windows 10,2026-02-28,Disabled
1067,55,Laptop,Windows 11,2026-02-26,Active
1068,56,Workstation,Windows 11,2026-02-10,Outdated
1069,57,Workstation,Windows 10,2026-01-29,Active
1070,58,Workstation,Windows 10,2026-03-10,Active
1071,59,Workstation,Windows 11,2026-02-16,Active
1072,59,Laptop,macOS Sonoma,2026-03-18,Active
1073,60,Laptop,Windows 11,2026-03-05,Active
1074,61,Desktop,Windows 10,2026-02-05,Active
1075,61,Workstation,Windows 11,2026-02-15,Active
1076,62,Desktop,Windows 10,2026-01-28,Active
1077,63,Laptop,Windows 11,2026-03-01,Active
1078,63,Laptop,Windows 11,2026-01-28,Active
1079,64,Desktop,Windows 11,2026-03-05,Outdated
1080,64,Workstation,Windows 11,2025-12-31,Active
1081,65,Desktop,Windows 11,2026-03-19,Active
1082,66,Desktop,macOS Sonoma,2026-03-18,Active
1083,67,Desktop,Windows 10,2026-01-01,Active
1084,68,Desktop,Windows 10,2025-12-30,Active
1085,69,Workstation,Windows 11,2026-01-14,Active
1086,70,Workstation,Windows 10,2026-01-07,Active
1087,71,Desktop,Windows 11,2026-01-19,Active
1088,72,Desktop,macOS Sonoma,2026-01-04,Active
1089,73,Workstation,Windows 11,2026-02-14,Active
1090,74,Desktop,Windows 11,2026-02-25,Active
1091,75,Desktop,Windows 11,2026-03-06,Active
1092,76,Laptop,Windows 11,2026-02-24,Disabled
1093,76,Workstation,Windows 11,2026-01-16,Active
1094,77,Desktop,Linux,2026-01-22,Active
1095,78,Desktop,Windows 11,2026-01-21,Active
1096,79,Workstation,macOS Sonoma,2026-01-24,Outdated
1097,80,Laptop,Windows 10,2026-01-22,Active
1098,81,Workstation,Windows 11,2025-12-29,Active
1099,82,Laptop,macOS Sonoma,2026-01-19,Active
1100,83,Laptop,Windows 10,2026-03-08,Active
1101,84,Workstation,Windows 11,2026-01-07,Active
1102,84,Laptop,macOS Sonoma,2026-02-24,Active
1103,85,Workstation,Windows 10,2026-01-18,Active
1104,86,Laptop,Windows 10,2026-02-14,Active
1105,87,Workstation,Windows 10,2026-02-16,Active
1106,88,Desktop,Linux,2026-01-12,Active
1107,89,Desktop,Windows 11,2026-03-17,Active
1108,90,Laptop,Windows 11,2026-03-03,Active
1109,91,Desktop,Windows 11,2026-02-19,Active
1110,92,Laptop,Windows 10,2026-02-12,Active
1111,93,Laptop,Windows 11,2025-12-23,Active
1112,94,Workstation,Windows 10,2026-03-22,Outdated
1113,95,Laptop,Windows 11,2026-03-14,Active
1114,96,Laptop,Windows 11,2026-03-16,Active
1115,97,Laptop,Windows 10,2026-02-03,Disabled
1116,97,Desktop,Windows 11,2026-03-23,Active
1117,98,Desktop,Windows 11,2026-02-21,Active
1118,99,Desktop,Windows 11,2026-01-14,Outdated
1119,100,Workstation,Windows 10,2026-02-10,Active
1120,100,Laptop,Windows 11,2026-02-17,Disabled
1121,101,Laptop,Windows 10,2026-03-04,Active
1122,101,Workstation,Windows 10,2026-03-18,Active
1123,102,Workstation,Windows 11,2026-01-24,Active
1124,103,Laptop,Windows 11,2026-03-19,Active
1125,103,Desktop,Windows 11,2026-03-05,Active
1126,104,Workstation,Windows 11,2026-03-13,Active
1127,105,Laptop,Windows 10,2026-01-10,Active
1128,106,Laptop,Windows 11,2026-02-15,Active
1129,107,Workstation,Windows 11,2026-02-21,Active
1130,107,Desktop,Windows 11,2026-03-15,Active
1131,108,Laptop,Windows 11,2025-12-24,Active
1132,109,Workstation,macOS Sonoma,2026-01-13,Active
1133,110,Laptop,Windows 11,2026-03-05,Active
1134,111,Laptop,Linux,2026-03-16,Active
1135,112,Desktop,Linux,2026-01-14,Active
1136,113,Workstation,macOS Sonoma,2026-01-14,Active
1137,114,Desktop,Windows 11,2026-03-04,Active
1138,115,Desktop,macOS Sonoma,2026-03-15,Active
1139,116,Desktop,Windows 10,2026-01-09,Active
1140,117,Desktop,Windows 10,2026-02-13,Active
1141,117,Laptop,Windows 11,2026-03-14,Active
1142,118,Desktop,Windows 10,2026-03-08,Active
1143,119,Laptop,Windows 10,2026-01-21,Active
1144,120,Laptop,Windows 10,2026-01-24,Active
1145,120,Laptop,Windows 11,2026-03-13,Active
1146,121,Workstation,Windows 11,2026-01-31,Active
1147,122,Desktop,Windows 11,2026-02-15,Active
1148,123,Workstation,Windows 10,2026-01-30,Active
1149,123,Workstation,Windows 11,2026-01-21,Active
1150,124,Workstation,Windows 10,2026-02-23,Active
1151,125,Desktop,Windows 11,2026-02-24,Active
1152,126,Laptop,Windows 10,2026-03-18,Active
1153,127,Laptop,Windows 10,2026-01-20,Active
1154,128,Workstation,Windows 11,2026-01-09,Active
1155,129,Workstation,Windows 10,2026-02-01,Active
1156,130,Desktop,Windows 11,2026-03-11,Active
1157,130,Desktop,Windows 11,2026-01-09,Active
1158,131,Desktop,Windows 11,2026-03-02,Active
1159,132,Laptop,Windows 10,2026-02-24,Active
1160,132,Laptop,Windows 10,2026-02-05,Active
1161,133,Desktop,Linux,2026-02-01,Active
1162,134,Workstation,Windows 10,2026-02-07,Active
1163,135,Workstation,Windows 11,2026-03-13,Active
1164,136,Desktop,Windows 11,2026-02-12,Outdated
1165,137,Workstation,Windows 10,2025-12-24,Active
1166,138,Desktop,Windows 11,2026-03-04,Active
1167,139,Workstation,Windows 10,2026-03-03,Active
1168,140,Workstation,Windows 11,2026-01-17,Active
1169,141,Desktop,Windows 10,2026-01-25,Active
1170,142,Laptop,Windows 10,2026-01-29,Active
1171,143,Laptop,Linux,2026-03-18,Active
1172,143,Laptop,Windows 11,2026-03-03,Active
1173,144,Workstation,Windows 10,2026-01-21,Outdated
1174,145,Desktop,macOS Sonoma,2026-02-05,Outdated
1175,146,Workstation,Windows 10,2026-01-07,Active
1176,146,Laptop,Windows 10,2026-01-28,Disabled
1177,147,Desktop,macOS Sonoma,2026-03-21,Active
1178,148,Laptop,Windows 11,2025-12-27,Outdated
1179,149,Workstation,Windows 11,2026-02-13,Active
1180,150,Desktop,Windows 11,2026-03-19,Outdated
1181,151,Workstation,Windows 11,2026-03-07,Active
1182,152,Laptop,Windows 10,2026-03-04,Active
1183,152,Workstation,Windows 11,2026-01-07,Active
1184,153,Desktop,Windows 11,2026-01-04,Active
1185,154,Laptop,Windows 10,2026-01-31,Active
1186,155,Workstation,Windows 11,2026-02-06,Active
1187,155,Desktop,Windows 10,2026-01-25,Outdated
1188,156,Laptop,Windows 10,2026-02-20,Active
1189,157,Laptop,Windows 11,2026-02-15,Active
1190,158,Laptop,Windows 10,2026-01-02,Active
1191,159,Laptop,Windows 10,2026-02-13,Active
1192,160,Laptop,Windows 10,2026-01-16,Active
1193,161,Desktop,Windows 11,2026-02-10,Active
1194,161,Desktop,Windows 10,2026-03-08,Active
1195,162,Desktop,Windows 10,2026-03-16,Active
1196,163,Desktop,Windows 11,2026-01-13,Active
1197,163,Workstation,Windows 10,2025-12-28,Active
1198,164,Laptop,macOS Sonoma,2026-01-12,Active
1199,165,Workstation,Windows 10,2026-02-01,Active
1200,166,Workstation,Windows 11,2026-02-11,Active
1201,167,Desktop,Windows 10,2026-01-01,Active
1202,168,Workstation,Windows 11,2026-01-02,Active
1203,169,Desktop,Windows 10,2026-03-05,Disabled
1204,170,Laptop,Windows 11,2026-03-06,Outdated
1205,171,Desktop,Linux,2026-02-02,Active
1206,171,Workstation,Windows 10,2026-02-08,Active
1207,172,Desktop,Windows 11,2026-01-18,Disabled
1208,173,Workstation,Linux,2026-02-04,Active
1209,173,Desktop,macOS Sonoma,2026-01-31,Active
1210,174,Laptop,macOS Sonoma,2026-01-01,Active
1211,175,Desktop,Windows 11,2026-01-04,Disabled
1212,176,Laptop,Windows 11,2026-01-02,Active
1213,177,Desktop,Windows 11,2025-12-23,Outdated
1214,178,Workstation,Windows 10,2026-01-24,Active
1215,179,Workstation,Windows 10,2026-03-01,Outdated
1216,180,Desktop,Windows 10,2026-02-17,Active
1217,181,Workstation,Windows 11,2026-03-03,Active
1218,182,Desktop,Windows 11,2026-02-14,Active
1219,183,Workstation,Windows 11,2025-12-25,Outdated
1220,183,Workstation,Windows 10,2026-03-20,Active
1221,184,Laptop,Windows 11,2026-01-13,Active
1222,184,Desktop,Windows 10,2026-03-09,Active
1223,185,Laptop,Windows 11,2026-02-20,Active
1224,186,Laptop,Windows 10,2026-01-12,Active
1225,186,Laptop,Windows 11,2026-02-10,Active
1226,187,Desktop,macOS Sonoma,2026-01-15,Active
1227,188,Desktop,Windows 11,2025-12-27,Active
1228,189,Desktop,macOS Sonoma,2026-01-02,Active
1229,189,Desktop,Windows 10,2026-03-12,Active
1230,190,Desktop,Windows 10,2026-02-27,Active
1231,190,Workstation,Windows 11,2026-01-31,Active
1232,191,Workstation,Windows 10,2026-01-06,Active
1233,192,Laptop,Windows 11,2026-03-19,Active
1234,193,Laptop,Windows 11,2026-01-24,Active
1235,194,Workstation,Windows 11,2026-01-07,Active
1236,195,Desktop,Windows 10,2026-03-12,Disabled
1237,195,Workstation,Windows 10,2026-02-19,Active
1238,196,Laptop,Windows 10,2025-12-30,Active
1239,196,Laptop,Windows 10,2026-01-22,Active
1240,197,Workstation,Windows 10,2026-02-08,Active
1241,197,Workstation,Windows 11,2026-01-31,Outdated
1242,198,Laptop,Windows 11,2026-01-10,Disabled
1243,199,Workstation,Windows 11,2026-03-08,Active
1244,200,Workstation,Windows 11,2026-02-16,Active
1245,201,Workstation,Windows 11,2026-02-25,Active
1246,201,Desktop,Windows 10,2026-02-19,Active
1247,202,Desktop,Windows 11,2026-01-01,Active
1248,203,Laptop,macOS Sonoma,2026-02-10,Active
1249,204,Laptop,Windows 10,2026-01-26,Active
1250,205,Laptop,Windows 10,2026-01-28,Active
1251,205,Workstation,macOS Sonoma,2026-02-26,Active
1252,206,Desktop,Windows 11,2025-12-29,Active
1253,207,Workstation,Windows 11,2026-03-12,Active
1254,207,Workstation,Windows 10,2026-01-08,Active
1255,208,Workstation,Windows 11,2026-02-19,Disabled
1256,209,Workstation,Windows 11,2026-01-13,Active
1257,210,Laptop,macOS Sonoma,2026-03-12,Active
1258,210,Workstation,Windows 11,2026-02-21,Active
1259,211,Desktop,Windows 11,2026-03-21,Active
1260,212,Desktop,Windows 11,2026-01-02,Active
1261,213,Workstation,Windows 11,2025-12-30,Active
1262,214,Desktop,Windows 10,2026-01-07,Disabled
1263,215,Workstation,macOS Sonoma,2026-01-29,Active
1264,216,Laptop,Windows 10,2026-01-01,Active
1265,217,Laptop,Windows 11,2025-12-27,Active
1266,218,Workstation,Windows 10,2026-02-22,Active
1267,218,Desktop,Windows 10,2026-01-12,Active
1268,219,Desktop,Windows 11,2026-02-27,Active
1269,220,Laptop,Windows 10,2026-01-30,Active
1270,221,Desktop,Windows 10,2026-03-10,Active
1271,221,Desktop,Windows 11,2026-02-21,Active
1272,222,Desktop,Windows 10,2026-01-02,Active
1273,223,Desktop,Windows 11,2026-01-14,Active
1274,224,Laptop,Windows 10,2026-01-10,Active
1275,225,Desktop,macOS Sonoma,2026-01-09,Outdated
1276,226,Workstation,Windows 11,2026-01-24,Outdated
1277,227,Laptop,macOS Sonoma,2026-01-11,Active
1278,228,Desktop,Windows 10,2025-12-25,Active
1279,229,Workstation,Windows 10,2026-02-10,Active
1280,230,Workstation,Windows 10,2026-02-16,Active
1281,230,Laptop,Linux,2026-01-03,Active
1282,231,Workstation,Windows 10,2026-01-06,Active
1283,232,Workstation,Windows 11,2026-01-05,Active
1284,233,Laptop,Windows 11,2026-02-04,Active
1285,233,Laptop,Windows 11,2026-02-15,Active
1286,234,Workstation,Windows 11,2026-02-22,Disabled
1287,235,Workstation,Windows 11,2026-02-20,Active
1288,236,Laptop,Windows 10,2026-01-26,Active
1289,237,Laptop,macOS Sonoma,2026-01-15,Outdated
1290,238,Laptop,Windows 11,2026-02-28,Active
1291,239,Workstation,Windows 11,2026-01-29,Active
1292,240,Desktop,Linux,2026-02-17,Outdated
1293,240,Desktop,Windows 11,2026-03-02,Active
1294,241,Workstation,Windows 11,2026-02-10,Active
1295,242,Desktop,Windows 11,2026-01-09,Outdated
1296,243,Workstation,Windows 11,2026-03-11,Active
1297,244,Desktop,macOS Sonoma,2026-02-02,Active
1298,245,Desktop,Windows 10,2026-03-02,Disabled
1299,245,Laptop,Windows 11,2026-02-27,Active
1300,246,Workstation,Linux,2025-12-31,Active
1301,247,Desktop,Windows 11,2026-02-22,Active
1302,247,Desktop,Windows 10,2026-01-11,Disabled
1303,248,Workstation,Windows 10,2026-02-25,Active
1304,248,Laptop,Windows 11,2026-01-23,Active
1305,249,Laptop,Windows 11,2026-03-10,Active
1306,250,Workstation,Windows 10,2026-03-02,Active
1307,251,Laptop,Linux,2026-01-20,Active
1308,252,Laptop,Windows 11,2026-03-05,Active
1309,253,Desktop,Windows 10,2026-01-04,Disabled
1310,254,Workstation,macOS Sonoma,2026-01-22,Active
1311,255,Workstation,Windows 10,2026-01-22,Active
1312,256,Laptop,macOS Sonoma,2026-01-02,Active
1313,257,Workstation,Windows 11,2026-01-21,Outdated
1314,258,Workstation,Windows 10,2026-01-20,Active
1315,259,Laptop,Windows 11,2026-01-29,Active
1316,260,Desktop,Windows 11,2026-02-15,Active
1317,261,Desktop,Windows 10,2026-01-05,Active
1318,262,Workstation,Windows 10,2026-02-20,Active
1319,262,Desktop,macOS Sonoma,2025-12-24,Active
1320,263,Laptop,Windows 11,2026-01-28,Active
1321,264,Laptop,Windows 11,2026-03-08,Active
1322,265,Desktop,Linux,2026-02-07,Active
1323,266,Workstation,Windows 10,2025-12-29,Active
1324,267,Workstation,Windows 11,2026-02-06,Active
1325,268,Workstation,Windows 11,2026-03-19,Active
1326,269,Laptop,Windows 10,2026-01-10,Active
1327,270,Workstation,Windows 10,2026-02-24,Active
1328,271,Workstation,Windows 11,2026-02-10,Active
1329,272,Workstation,Windows 10,2026-02-02,Active
1330,272,Desktop,Windows 11,2026-01-03,Active
1331,273,Desktop,macOS Sonoma,2026-02-26,Active
1332,274,Desktop,Windows 10,2026-01-27,Active
1333,275,Desktop,Windows 10,2026-03-17,Outdated
1334,276,Laptop,Windows 11,2026-03-08,Outdated
1335,277,Desktop,Windows 10,2026-01-26,Active
1336,278,Laptop,Windows 11,2026-02-04,Active
1337,279,Laptop,Windows 11,2026-01-06,Active
1338,280,Desktop,Windows 11,2026-02-24,Active
1339,281,Workstation,Windows 10,2026-03-22,Active
1340,282,Workstation,Windows 10,2026-02-20,Active
1341,283,Workstation,Windows 10,2026-01-01,Disabled
1342,283,Workstation,Windows 11,2026-02-22,Active
1343,284,Laptop,Linux,2026-01-31,Active
1344,285,Desktop,Windows 11,2026-01-25,Active
1345,286,Desktop,Windows 11,2026-01-21,Outdated
1346,287,Laptop,Windows 11,2026-03-04,Active
1347,288,Desktop,Windows 10,2026-01-17,Active
1348,289,Workstation,Linux,2026-01-25,Active
1349,290,Laptop,Windows 11,2026-02-20,Active
1350,291,Laptop,Windows 10,2026-03-15,Active
1351,292,Laptop,Windows 10,2026-02-06,Active
1352,293,Desktop,Linux,2026-03-08,Active
1353,294,Desktop,Windows 11,2026-02-05,Active
1354,295,Desktop,Windows 10,2026-01-30,Active
1355,296,Desktop,Linux,2026-01-07,Active
1356,297,Desktop,Windows 11,2026-02-08,Active
1357,298,Desktop,macOS Sonoma,2026-02-07,Active
1358,299,Desktop,macOS Sonoma,2026-01-11,Active
1359,299,Workstation,Windows 11,2026-01-23,Active
1360,300,Laptop,Windows 11,2026-03-13,Active
1361,300,Laptop,Windows 10,2026-02-17,Active
1362,301,Workstation,Windows 10,2026-01-07,Active
1363,302,Laptop,Windows 11,2026-01-04,Active
1364,303,Desktop,Windows 10,2026-02-17,Active
1365,304,Laptop,Windows 11,2026-03-17,Active
1366,305,Desktop,Windows 11,2026-02-09,Active
1367,306,Desktop,Windows 11,2026-01-09,Active
1368,307,Laptop,Windows 10,2026-01-31,Active
1369,308,Laptop,macOS Sonoma,2026-01-27,Active
1370,309,Desktop,Windows 11,2026-03-08,Active
1371,310,Desktop,Windows 10,2026-02-25,Active
1372,311,Desktop,macOS Sonoma,2026-01-25,Active
1373,312,Laptop,Windows 10,2026-01-28,Active
1374,313,Laptop,Windows 11,2026-01-22,Active
1375,314,Laptop,Windows 10,2026-03-15,Active
1376,315,Laptop,Windows 10,2026-02-07,Active
1377,316,Laptop,Windows 11,2026-02-09,Active
1378,317,Workstation,Linux,2026-03-21,Active
1379,318,Desktop,Windows 10,2026-01-25,Active
1380,319,Laptop,Windows 11,2026-03-05,Active
1381,320,Laptop,Windows 10,2026-02-16,Active
1382,321,Laptop,Windows 11,2026-02-05,Active
1383,321,Desktop,Windows 11,2026-03-21,Active
1384,322,Workstation,Windows 11,2026-03-11,Active
1385,323,Workstation,Windows 10,2026-01-03,Active
1386,323,Laptop,Windows 10,2026-02-13,Active
1387,324,Laptop,Windows 10,2026-02-26,Active
1388,325,Laptop,macOS Sonoma,2026-02-02,Active
1389,326,Workstation,macOS Sonoma,2026-03-16,Active
1390,327,Workstation,Linux,2026-01-28,Active
1391,328,Laptop,macOS Sonoma,2025-12-30,Active
1392,329,Workstation,Windows 11,2026-03-01,Active
1393,330,Laptop,Windows 10,2026-01-01,Active
1394,331,Laptop,Windows 10,2026-01-22,Active
1395,332,Workstation,Windows 11,2026-02-27,Active
1396,333,Workstation,Windows 11,2025-12-27,Outdated
1397,334,Workstation,Windows 11,2026-02-24,Active
1398,335,Laptop,macOS Sonoma,2026-02-03,Active
1399,336,Desktop,Windows 11,2026-02-18,Active
1400,337,Desktop,Windows 11,2026-02-15,Active
1401,338,Laptop,Windows 10,2026-01-09,Active
1402,339,Desktop,macOS Sonoma,2026-02-12,Active
1403,340,Desktop,macOS Sonoma,2026-01-28,Active
1404,341,Workstation,Windows 11,2026-03-15,Active
1405,342,Workstation,Windows 10,2026-01-26,Active
1406,343,Laptop,Linux,2026-01-30,Active
1407,344,Desktop,Windows 11,2026-03-13,Active
1408,345,Desktop,Windows 10,2026-02-27,Active
1409,346,Desktop,macOS Sonoma,2026-01-21,Active
1410,347,Desktop,Windows 11,2026-02-02,Outdated
1411,348,Laptop,Windows 10,2026-01-21,Active
1412,348,Workstation,Windows 11,2026-03-15,Active
1413,349,Workstation,macOS Sonoma,2026-02-15,Active
1414,350,Laptop,Windows 11,2026-02-22,Active
1415,351,Workstation,Windows 11,2026-03-19,Active
1416,352,Workstation,Windows 10,2026-03-17,Active
1417,352,Laptop,Windows 10,2026-02-24,Active
1418,353,Laptop,Windows 11,2026-02-02,Active
1419,354,Laptop,Windows 10,2026-03-09,Active
1420,355,Workstation,Linux,2026-01-05,Active
1421,356,Desktop,macOS Sonoma,2026-02-25,Active
1422,357,Workstation,macOS Sonoma,2026-01-20,Active
1423,358,Workstation,Windows 11,2026-02-09,Outdated
1424,359,Laptop,Linux,2026-02-20,Active
1425,360,Desktop,Windows 10,2026-01-13,Active
1426,361,Desktop,Windows 10,2026-01-22,Active
1427,362,Workstation,Windows 11,2026-01-22,Active
1428,363,Desktop,Windows 10,2025-12-24,Active
1429,364,Laptop,Windows 10,2026-01-17,Outdated
1430,364,Desktop,Windows 11,2026-03-02,Active
1431,365,Workstation,Linux,2026-03-04,Active
1432,366,Workstation,Windows 10,2026-02-01,Active
1433,366,Laptop,macOS Sonoma,2026-01-25,Active
1434,367,Desktop,Windows 10,2026-03-12,Active
1435,368,Workstation,Windows 11,2026-02-08,Active
1436,369,Workstation,Windows 11,2026-03-06,Active
1437,370,Workstation,Windows 10,2026-03-04,Active
1438,371,Desktop,Windows 11,2026-03-22,Active
1439,372,Desktop,Windows 11,2026-02-06,Active
1440,373,Laptop,Windows 11,2026-03-18,Active
1441,374,Workstation,Windows 10,2026-01-05,Active
1442,375,Laptop,Windows 10,2026-02-15,Active
1443,376,Laptop,Windows 11,2026-03-05,Active
1444,376,Desktop,macOS Sonoma,2026-01-16,Active
1445,377,Laptop,Linux,2026-01-16,Active
1446,377,Laptop,Windows 10,2026-03-01,Active
1447,378,Desktop,Windows 11,2026-02-14,Active
1448,379,Workstation,Windows 10,2026-01-06,Disabled
1449,380,Workstation,Windows 11,2026-01-08,Active
1450,381,Workstation,Windows 11,2026-02-27,Active
1451,381,Laptop,Windows 11,2026-01-06,Active
1452,382,Laptop,Windows 11,2026-03-06,Active
1453,383,Workstation,Windows 11,2026-02-03,Active
1454,384,Laptop,Windows 11,2026-01-03,Active
1455,385,Workstation,Windows 10,2025-12-24,Active
1456,386,Laptop,macOS Sonoma,2026-02-01,Active
1457,387,Laptop,Windows 10,2026-02-17,Active
1458,387,Workstation,macOS Sonoma,2026-01-02,Active
1459,388,Workstation,Windows 10,2026-02-28,Disabled
1460,389,Workstation,Windows 11,2026-01-10,Active
1461,390,Desktop,Windows 11,2026-03-12,Active
1462,391,Laptop,Windows 11,2026-03-14,Active
1463,392,Laptop,Windows 11,2026-03-21,Outdated
1464,393,Laptop,Windows 11,2026-02-24,Active
1465,394,Laptop,Windows 11,2026-01-02,Active
1466,395,Laptop,Windows 11,2026-01-07,Active
1467,396,Workstation,Windows 10,2026-03-08,Active
1468,397,Laptop,macOS Sonoma,2026-03-05,Active
1469,398,Workstation,Windows 11,2026-01-05,Active
1470,398,Laptop,Windows 11,2026-01-14,Active
1471,399,Desktop,Windows 10,2026-02-28,Active
1472,400,Workstation,macOS Sonoma,2026-03-13,Active
1473,401,Workstation,Windows 11,2026-02-09,Active
1474,402,Laptop,Windows 11,2025-12-25,Active
1475,402,Workstation,macOS Sonoma,2026-01-18,Active
1476,403,Desktop,Windows 10,2026-03-12,Active
1477,403,Laptop,macOS Sonoma,2026-02-09,Active
1478,404,Workstation,Windows 10,2026-01-20,Active
1479,405,Desktop,Windows 11,2026-01-02,Active
1480,405,Desktop,Windows 10,2026-01-31,Active
1481,406,Desktop,Linux,2026-01-26,Active
1482,406,Desktop,Windows 11,2026-03-12,Active
1483,407,Workstation,Windows 11,2026-01-02,Active
1484,407,Workstation,Windows 11,2026-03-04,Active
1485,408,Laptop,Windows 11,2026-01-18,Active
1486,409,Desktop,Windows 10,2026-03-14,Outdated
1487,410,Laptop,Windows 11,2026-03-18,Active
1488,411,Desktop,Windows 10,2026-03-06,Active
1489,412,Desktop,Windows 10,2026-03-14,Active
1490,413,Desktop,Windows 11,2026-03-02,Active
1491,414,Laptop,Windows 11,2026-03-20,Active
1492,415,Workstation,Windows 11,2026-03-11,Active
1493,416,Workstation,Windows 11,2026-01-14,Active
1494,417,Desktop,Windows 10,2026-01-30,Active
1495,417,Workstation,Windows 11,2026-01-16,Active
1496,418,Desktop,Windows 11,2026-03-04,Active
1497,419,Laptop,Windows 11,2026-01-28,Active
1498,420,Workstation,Windows 11,2026-03-10,Active
1499,421,Laptop,Windows 10,2026-03-18,Active
1500,422,Workstation,Windows 11,2026-02-20,Disabled
1501,423,Laptop,Windows 10,2025-12-31,Active
1502,424,Desktop,Windows 10,2025-12-29,Active
1503,425,Desktop,Windows 11,2026-03-15,Active
1504,426,Desktop,Windows 11,2026-02-28,Active
1505,427,Workstation,Windows 10,2026-01-27,Active
1506,428,Workstation,Windows 11,2026-03-18,Active
1507,429,Desktop,Windows 11,2026-03-08,Active
1508,430,Desktop,Windows 10,2026-03-08,Active
1509,431,Laptop,Windows 11,2026-01-26,Active
1510,432,Laptop,Windows 11,2026-02-27,Active
1511,433,Laptop,Linux,2026-01-23,Active
1512,433,Workstation,Linux,2026-03-19,Active
1513,434,Desktop,Windows 11,2026-02-22,Active
1514,435,Workstation,Windows 11,2026-03-05,Active
1515,436,Desktop,Windows 11,2025-12-29,Active
1516,437,Workstation,Windows 11,2026-03-15,Active
1517,438,Laptop,macOS Sonoma,2026-03-21,Active
1518,438,Desktop,Linux,2026-03-03,Active
1519,439,Laptop,Windows 11,2026-01-31,Active
1520,440,Workstation,Windows 11,2026-01-15,Active
1521,441,Workstation,Windows 11,2025-12-28,Active
1522,442,Workstation,Windows 11,2026-03-19,Active
1523,442,Workstation,Windows 11,2026-02-01,Active
1524,443,Desktop,Windows 11,2026-02-03,Active
1525,444,Laptop,Windows 11,2026-01-17,Active
1526,445,Workstation,Windows 11,2026-03-12,Active
1527,446,Desktop,Windows 11,2026-02-20,Active
1528,446,Laptop,Windows 10,2025-12-23,Active
1529,447,Laptop,Windows 10,2026-03-21,Active
1530,448,Desktop,macOS Sonoma,2025-12-23,Active
1531,449,Workstation,Windows 11,2026-03-10,Active
1532,450,Workstation,macOS Sonoma,2026-02-14,Active
1533,451,Desktop,Windows 10,2026-02-05,Active
1534,452,Laptop,Windows 11,2026-01-19,Active
1535,453,Workstation,Windows 11,2026-01-21,Active
1536,453,Desktop,Windows 11,2026-03-11,Active
1537,454,Workstation,Windows 11,2026-01-21,Active
1538,455,Workstation,Windows 10,2026-01-25,Active
1539,456,Desktop,Windows 10,2025-12-28,Active
1540,457,Desktop,Windows 11,2026-02-09,Active
1541,458,Laptop,Windows 10,2025-12-31,Active
1542,459,Laptop,Windows 11,2026-01-20,Outdated
1543,460,Laptop,Windows 11,2026-03-10,Outdated
1544,461,Desktop,Linux,2025-12-29,Active
1545,462,Laptop,Windows 10,2026-01-05,Active
1546,463,Workstation,macOS Sonoma,2026-02-10,Disabled
1547,464,Workstation,Windows 10,2026-03-10,Disabled
1548,465,Workstation,Windows 11,2026-03-21,Active
1549,465,Laptop,Linux,2026-03-22,Active
1550,466,Laptop,Windows 10,2025-12-23,Active
1551,466,Desktop,macOS Sonoma,2026-01-07,Outdated
1552,467,Laptop,Windows 10,2025-12-26,Active
1553,468,Laptop,Windows 10,2026-03-08,Active
1554,469,Workstation,macOS Sonoma,2026-01-16,Active
1555,469,Workstation,macOS Sonoma,2025-12-27,Active
1556,470,Laptop,Windows 11,2026-02-23,Active
1557,471,Workstation,Windows 10,2026-01-04,Active
1558,472,Laptop,Windows 10,2026-01-08,Active
1559,473,Desktop,Windows 11,2026-01-04,Active
1560,474,Workstation,Windows 11,2025-12-29,Active
1561,475,Laptop,Windows 11,2026-03-19,Active
1562,475,Desktop,macOS Sonoma,2026-02-06,Active
1563,476,Laptop,Windows 10,2026-03-19,Active
1564,477,Workstation,Linux,2026-01-14,Active
1565,478,Desktop,Windows 11,2026-02-26,Active
1566,479,Laptop,Windows 11,2026-01-16,Active
1567,480,Desktop,Windows 11,2026-01-09,Active
1568,480,Workstation,Windows 10,2025-12-23,Active
1569,481,Desktop,Windows 10,2025-12-25,Active
1570,482,Desktop,macOS Sonoma,2026-01-22,Active
1571,483,Laptop,Windows 11,2026-03-16,Active
1572,483,Laptop,Windows 10,2025-12-31,Active
1573,484,Laptop,Windows 10,2026-02-15,Active
1574,485,Laptop,Windows 11,2026-02-20,Outdated
1575,486,Workstation,Windows 10,2026-02-27,Active
1576,487,Desktop,Windows 10,2026-01-09,Active
1577,488,Laptop,Windows 11,2026-03-21,Active
1578,488,Workstation,Windows 11,2026-01-18,Active
1579,489,Laptop,Windows 11,2026-01-27,Outdated
1580,490,Workstation,Windows 11,2026-01-11,Outdated
1581,491,Workstation,Windows 11,2026-01-26,Active
1582,492,Laptop,Windows 11,2026-03-17,Active
1583,493,Desktop,Windows 11,2026-03-12,Active
1584,494,Workstation,Windows 11,2026-01-26,Active
1585,495,Desktop,Linux,2026-03-20,Active
1586,496,Laptop,Windows 11,2026-01-17,Active
1587,497,Workstation,Windows 11,2026-02-14,Active
1588,498,Laptop,Windows 10,2026-01-17,Active
1589,499,Desktop,Linux,2026-03-09,Active
1590,500,Laptop,Windows 10,2026-03-21,Active
1591,501,Laptop,Linux,2026-02-09,Active
1592,502,Laptop,Windows 11,2026-02-12,Active
1593,502,Desktop,macOS Sonoma,2025-12-29,Outdated
1594,503,Desktop,Windows 10,2026-02-13,Active
1595,504,Desktop,Windows 11,2026-02-14,Outdated
1596,505,Workstation,Windows 11,2026-02-09,Active
1597,506,Desktop,Windows 11,2026-03-09,Active
1598,507,Laptop,Windows 11,2026-01-28,Outdated
1599,508,Laptop,macOS Sonoma,2026-03-14,Active
1600,509,Workstation,Windows 10,2026-03-03,Active
1601,509,Laptop,Windows 10,2025-12-27,Active
1602,510,Laptop,Windows 11,2026-01-30,Active
1603,511,Desktop,Windows 11,2026-03-10,Active
1604,512,Workstation,Windows 10,2026-02-08,Disabled
1605,513,Desktop,Windows 11,2026-03-12,Disabled
1606,514,Workstation,Windows 11,2026-03-03,Active
1607,514,Workstation,Windows 10,2026-01-07,Active
1608,515,Laptop,Windows 11,2026-01-09,Active
1609,516,Desktop,macOS Sonoma,2026-02-13,Active
1610,517,Desktop,Windows 11,2026-01-11,Active
1611,518,Laptop,Windows 10,2026-03-10,Active
1612,519,Laptop,Windows 11,2026-02-21,Active
1613,520,Desktop,Windows 11,2026-01-12,Active
1614,521,Workstation,Windows 11,2026-01-28,Active
1615,522,Workstation,Windows 11,2026-02-26,Active
1616,523,Desktop,Windows 11,2026-01-01,Outdated
1617,524,Workstation,Windows 11,2026-02-10,Active
1618,525,Workstation,Windows 11,2026-01-27,Active
1619,526,Laptop,Windows 11,2026-02-01,Outdated
1620,527,Workstation,Windows 10,2026-01-15,Active
1621,528,Desktop,Windows 10,2026-02-27,Active
1622,529,Desktop,Windows 10,2026-03-15,Outdated
1623,530,Desktop,Windows 11,2026-03-04,Active
1624,530,Desktop,Windows 10,2026-01-30,Disabled
1625,531,Laptop,Windows 11,2026-01-26,Active
1626,531,Workstation,macOS Sonoma,2026-02-21,Active
1627,532,Desktop,Windows 10,2026-03-09,Active
1628,533,Workstation,Windows 11,2026-02-13,Active
1629,534,Laptop,macOS Sonoma,2026-01-27,Active
1630,535,Desktop,Windows 11,2026-03-15,Active
1631,536,Workstation,Windows 11,2026-03-21,Active
1632,537,Desktop,Windows 11,2026-01-23,Active
1633,538,Laptop,Windows 11,2026-01-12,Outdated
1634,538,Workstation,Windows 10,2026-01-20,Active
1635,539,Laptop,Windows 10,2026-02-11,Active
1636,540,Workstation,Windows 10,2026-01-18,Active
1637,541,Workstation,Windows 11,2026-02-12,Active
1638,542,Workstation,Windows 11,2026-03-12,Active
1639,543,Desktop,Windows 10,2026-01-02,Active
1640,544,Laptop,Windows 11,2026-02-11,Active
1641,545,Workstation,macOS Sonoma,2025-12-23,Active
1642,546,Laptop,Windows 11,2026-03-19,Disabled
1643,547,Desktop,Windows 10,2026-02-22,Active
1644,548,Workstation,Windows 11,2026-02-19,Active
1645,549,Workstation,Linux,2026-02-12,Active
1646,550,Desktop,Windows 10,2026-02-07,Active
1647,550,Workstation,Windows 10,2026-03-12,Outdated
1648,551,Laptop,Windows 10,2026-01-27,Active
1649,552,Desktop,Windows 10,2026-03-10,Active
1650,553,Laptop,Windows 10,2026-01-12,Active
1651,554,Laptop,Windows 11,2026-03-09,Active
1652,554,Laptop,Windows 10,2026-01-07,Active
1653,555,Laptop,Windows 10,2026-01-22,Active
1654,556,Laptop,Windows 10,2026-02-10,Active
1655,557,Desktop,Windows 10,2026-01-26,Active
1656,558,Workstation,Windows 11,2025-12-30,Active
1657,559,Laptop,Windows 11,2026-02-15,Active
1658,560,Desktop,macOS Sonoma,2026-03-05,Active
1659,560,Desktop,Windows 11,2026-03-21,Outdated
1660,561,Laptop,Windows 10,2026-02-26,Active
1661,562,Laptop,Windows 10,2026-02-27,Active
1662,563,Laptop,Windows 11,2026-01-13,Outdated
1663,563,Laptop,Windows 11,2026-02-27,Active
1664,564,Laptop,Windows 11,2026-02-06,Active
1665,565,Workstation,macOS Sonoma,2026-02-20,Active
1666,566,Workstation,Windows 11,2026-01-06,Active
1667,567,Laptop,Windows 10,2026-01-28,Active
1668,568,Workstation,Windows 11,2026-02-02,Active
1669,568,Desktop,Windows 11,2026-02-09,Active
1670,569,Laptop,Windows 10,2026-01-08,Active
1671,570,Desktop,Windows 10,2026-02-16,Active
1672,571,Desktop,Windows 11,2025-12-27,Active
1673,572,Workstation,macOS Sonoma,2026-02-12,Active
1674,572,Workstation,Windows 11,2026-02-14,Active
1675,573,Desktop,Windows 10,2025-12-31,Active
1676,573,Desktop,Windows 10,2026-02-14,Active
1677,574,Workstation,Windows 10,2026-02-08,Active
1678,575,Workstation,Windows 11,2026-03-18,Active
1679,576,Desktop,macOS Sonoma,2026-03-22,Outdated
1680,577,Desktop,macOS Sonoma,2026-01-14,Active
1681,578,Workstation,Windows 11,2026-01-05,Active
1682,579,Desktop,macOS Sonoma,2026-03-16,Outdated
1683,580,Laptop,Windows 11,2026-03-16,Active
1684,581,Desktop,Linux,2026-02-26,Active
1685,582,Laptop,Windows 11,2026-01-09,Active
1686,583,Workstation,Windows 10,2026-02-05,Outdated
1687,584,Workstation,Windows 10,2026-03-09,Active
1688,585,Desktop,Windows 11,2026-03-19,Active
1689,585,Desktop,Windows 11,2026-02-12,Active
1690,586,Desktop,Windows 11,2026-02-03,Active
1691,586,Desktop,macOS Sonoma,2026-01-18,Active
1692,587,Desktop,Windows 10,2026-02-14,Active
1693,588,Laptop,Windows 10,2026-02-04,Active
1694,589,Laptop,Windows 10,2026-01-29,Active
1695,589,Laptop,Windows 11,2026-03-17,Active
1696,590,Laptop,Windows 11,2026-02-20,Active
1697,591,Laptop,Windows 11,2026-02-09,Active
1698,592,Desktop,Windows 11,2026-01-09,Active
1699,593,Laptop,Windows 10,2026-02-26,Outdated
1700,593,Laptop,Windows 10,2026-02-15,Active
1701,594,Workstation,Windows 11,2026-03-19,Active
1702,595,Laptop,Windows 10,2026-01-27,Active
1703,596,Desktop,Windows 10,2026-02-13,Active
1704,597,Laptop,Windows 11,2026-02-23,Active
1705,598,Laptop,Windows 11,2026-02-17,Active
1706,599,Desktop,Windows 11,2026-01-24,Active
1707,600,Laptop,Windows 11,2026-02-11,Active
1708,601,Desktop,Windows 11,2026-02-11,Active
1709,602,Desktop,Windows 11,2026-01-28,Active
1710,603,Laptop,macOS Sonoma,2026-01-12,Active
1711,603,Desktop,Windows 10,2026-01-05,Active
1712,604,Workstation,Windows 10,2026-01-31,Active
1713,605,Desktop,Windows 11,2026-02-02,Active
1714,606,Workstation,Windows 11,2026-01-26,Active
1715,607,Workstation,macOS Sonoma,2026-01-12,Outdated
1716,608,Desktop,Windows 10,2026-01-06,Active
1717,609,Laptop,Windows 10,2026-01-29,Active
1718,610,Laptop,Windows 10,2026-03-03,Active
1719,611,Workstation,Windows 10,2026-03-16,Active
1720,612,Laptop,Windows 11,2026-02-08,Active
1721,613,Workstation,Windows 11,2026-01-12,Active
1722,614,Desktop,Windows 11,2026-01-14,Active
1723,615,Desktop,Windows 10,2026-03-09,Active
1724,615,Desktop,Windows 11,2026-03-01,Active
1725,616,Laptop,Windows 10,2026-02-15,Active
1726,616,Desktop,Windows 11,2026-03-12,Active
1727,617,Desktop,Windows 11,2026-02-15,Active
1728,618,Desktop,Windows 10,2026-03-23,Active
1729,619,Laptop,Windows 10,2026-03-01,Active
1730,619,Laptop,Windows 11,2025-12-24,Active
1731,620,Laptop,Windows 11,2025-12-23,Active
1732,621,Workstation,Windows 11,2026-01-18,Active
1733,622,Desktop,Windows 11,2026-01-06,Active
1734,623,Workstation,Windows 11,2026-01-03,Outdated
1735,624,Desktop,Windows 10,2026-01-27,Active
1736,624,Laptop,Windows 11,2026-03-12,Active
1737,625,Laptop,Windows 11,2026-02-07,Active
1738,626,Laptop,Windows 10,2026-01-30,Active
1739,627,Desktop,Windows 11,2026-02-24,Active
1740,628,Laptop,Windows 11,2026-03-13,Active
1741,628,Desktop,Windows 11,2026-02-01,Active
1742,629,Workstation,Windows 11,2025-12-29,Active
1743,630,Laptop,Windows 10,2026-01-17,Active
1744,631,Desktop,Windows 11,2026-01-29,Outdated
1745,632,Workstation,Linux,2026-02-23,Active
1746,633,Desktop,Windows 10,2026-01-17,Outdated
1747,633,Workstation,Windows 10,2026-01-27,Active
1748,634,Workstation,macOS Sonoma,2026-03-23,Active
1749,635,Desktop,Windows 10,2026-02-02,Active
1750,636,Workstation,Windows 10,2026-01-09,Active
1751,637,Workstation,macOS Sonoma,2026-03-19,Active
1752,638,Workstation,Windows 11,2026-03-20,Outdated
1753,639,Laptop,Windows 11,2026-02-28,Active
1754,640,Laptop,Windows 11,2026-02-10,Active
1755,640,Desktop,macOS Sonoma,2026-02-05,Active
1756,641,Laptop,Windows 11,2026-02-22,Active
1757,642,Desktop,Windows 11,2026-02-07,Active
1758,643,Laptop,Windows 11,2026-03-09,Active
1759,644,Workstation,Windows 11,2026-01-07,Active
1760,645,Laptop,Windows 11,2026-03-07,Active
1761,646,Desktop,Windows 11,2026-01-19,Active
1762,647,Laptop,Windows 11,2026-01-29,Active
1763,648,Desktop,Windows 11,2025-12-30,Active
1764,649,Laptop,Windows 10,2026-01-30,Active
1765,650,Workstation,Windows 11,2026-02-01,Active
1766,651,Workstation,Windows 11,2026-02-14,Active
1767,652,Laptop,Windows 10,2026-03-04,Active
1768,653,Laptop,Linux,2026-02-08,Active
1769,654,Workstation,Windows 11,2025-12-26,Active
1770,654,Workstation,Windows 11,2026-03-07,Active
1771,655,Laptop,macOS Sonoma,2026-01-18,Active
1772,656,Workstation,Windows 11,2026-01-23,Active
1773,657,Laptop,Windows 11,2026-02-16,Active
1774,658,Desktop,Windows 11,2026-03-10,Active
1775,659,Desktop,Windows 10,2026-01-16,Active
1776,660,Laptop,Windows 11,2026-02-27,Active
1777,661,Workstation,Windows 11,2026-01-19,Active
1778,662,Laptop,Windows 10,2026-03-11,Active
1779,663,Workstation,Windows 10,2026-01-28,Outdated
1780,664,Laptop,Windows 11,2026-02-27,Active
1781,665,Laptop,Linux,2026-01-06,Active
1782,665,Laptop,Windows 10,2026-01-22,Active
1783,666,Desktop,Windows 10,2026-01-31,Active
1784,667,Workstation,Windows 10,2026-01-10,Active
1785,668,Workstation,Windows 11,2026-01-28,Active
1786,669,Workstation,Windows 10,2026-02-27,Active
1787,670,Desktop,Windows 11,2026-02-25,Active
1788,671,Desktop,Windows 11,2026-02-05,Outdated
1789,672,Laptop,Windows 10,2026-03-03,Active
1790,673,Laptop,macOS Sonoma,2026-01-08,Active
1791,674,Workstation,Windows 11,2026-02-04,Active
1792,675,Workstation,Windows 11,2026-02-25,Active
1793,676,Desktop,Windows 11,2026-02-19,Active
1794,677,Desktop,Windows 10,2026-01-04,Outdated
1795,678,Laptop,Windows 11,2026-02-01,Active
1796,679,Workstation,Windows 11,2026-03-13,Active
1797,680,Workstation,Windows 11,2025-12-29,Disabled
1798,681,Workstation,Windows 11,2026-03-03,Active
1799,682,Desktop,Linux,2026-02-24,Active
1800,682,Desktop,Windows 10,2026-01-11,Active
1801,683,Desktop,Windows 10,2026-03-18,Active
1802,684,Workstation,Windows 10,2026-01-14,Active
1803,685,Desktop,Windows 11,2026-02-14,Active
1804,686,Laptop,Windows 11,2026-03-15,Outdated
1805,687,Desktop,Windows 11,2026-01-06,Active
1806,688,Laptop,Windows 11,2026-03-02,Active
1807,688,Workstation,Windows 11,2026-01-11,Active
1808,689,Workstation,Windows 11,2026-03-21,Active
1809,690,Laptop,Windows 11,2026-02-23,Active
1810,691,Workstation,Windows 11,2026-03-16,Active
1811,692,Laptop,Windows 11,2025-12-28,Active
1812,692,Laptop,Windows 11,2026-02-07,Active
1813,693,Workstation,macOS Sonoma,2026-01-04,Active
1814,694,Desktop,Windows 11,2026-02-14,Active
1815,695,Laptop,Windows 11,2026-02-13,Disabled
1816,696,Desktop,Windows 10,2026-02-02,Active
1817,696,Desktop,Windows 11,2026-01-11,Active
1818,697,Laptop,Windows 11,2026-01-22,Active
1819,698,Laptop,Windows 11,2026-01-21,Active
1820,698,Workstation,Windows 11,2026-03-19,Active
1821,699,Workstation,Windows 11,2026-01-21,Active
1822,700,Desktop,Windows 11,2026-03-02,Active
1823,701,Laptop,Windows 11,2026-03-20,Active
1824,702,Desktop,Windows 11,2026-03-05,Active
1825,702,Desktop,Windows 11,2026-01-19,Active
1826,703,Desktop,Windows 11,2026-01-03,Active
1827,704,Desktop,Windows 10,2026-02-02,Active
1828,705,Laptop,macOS Sonoma,2026-01-25,Active
1829,705,Desktop,Windows 10,2026-03-05,Active
1830,706,Workstation,Windows 11,2026-02-02,Active
1831,707,Workstation,Windows 11,2026-01-27,Disabled
1832,708,Desktop,Windows 10,2025-12-30,Active
1833,709,Desktop,Windows 10,2026-03-14,Active
1834,709,Workstation,Windows 11,2026-01-22,Active
1835,710,Workstation,Windows 10,2026-03-15,Active
1836,711,Workstation,macOS Sonoma,2026-02-06,Active
1837,712,Laptop,Windows 11,2026-03-02,Active
1838,713,Desktop,Windows 11,2026-02-04,Active
1839,714,Laptop,Windows 10,2026-03-09,Active
1840,715,Workstation,Windows 11,2025-12-25,Active
1841,716,Desktop,Windows 10,2026-03-03,Outdated
1842,717,Workstation,Windows 11,2026-01-22,Active
1843,717,Workstation,Windows 11,2026-01-29,Active
1844,718,Desktop,Windows 11,2026-02-21,Active
1845,719,Laptop,Windows 11,2026-02-03,Active
1846,720,Desktop,Windows 10,2026-01-08,Active
1847,721,Desktop,Linux,2026-03-08,Active
1848,722,Workstation,Windows 11,2026-01-27,Active
1849,723,Workstation,Windows 11,2026-01-04,Active
1850,724,Workstation,macOS Sonoma,2026-03-23,Active
1851,725,Desktop,Windows 11,2026-01-11,Active
1852,725,Workstation,Windows 11,2026-02-05,Active
1853,726,Laptop,macOS Sonoma,2025-12-26,Active
1854,727,Desktop,Windows 11,2026-03-06,Active
1855,728,Workstation,Windows 10,2025-12-28,Active
1856,729,Laptop,Windows 11,2026-02-22,Active
1857,729,Workstation,macOS Sonoma,2025-12-31,Active
1858,730,Desktop,Windows 11,2026-01-31,Active
1859,731,Desktop,Windows 11,2026-01-19,Disabled
1860,732,Laptop,Windows 10,2026-02-12,Active
1861,733,Desktop,Windows 11,2026-02-11,Active
1862,734,Laptop,macOS Sonoma,2026-02-28,Active
1863,735,Desktop,Windows 10,2026-03-04,Active
1864,736,Workstation,Windows 11,2025-12-24,Active
1865,737,Desktop,Windows 11,2026-02-17,Active
1866,738,Workstation,Linux,2025-12-26,Active
1867,738,Desktop,macOS Sonoma,2026-02-11,Active
1868,739,Desktop,Windows 11,2026-01-19,Active
1869,740,Workstation,Windows 10,2026-01-30,Active
1870,740,Workstation,Windows 11,2026-02-22,Active
1871,741,Desktop,Windows 10,2026-03-12,Active
1872,742,Desktop,Windows 11,2026-01-16,Active
1873,743,Laptop,Windows 11,2026-01-25,Active
1874,744,Workstation,Windows 11,2026-03-13,Active
1875,745,Laptop,Windows 10,2026-01-24,Active
1876,746,Laptop,Windows 11,2026-02-19,Active
1877,747,Workstation,Windows 11,2025-12-26,Active
1878,748,Workstation,Windows 11,2026-02-07,Active
1879,749,Desktop,Windows 10,2026-02-08,Active
1880,750,Desktop,Windows 11,2026-01-12,Active
1881,750,Laptop,macOS Sonoma,2026-02-06,Active
1882,751,Laptop,Windows 10,2026-02-12,Disabled
1883,752,Desktop,Windows 11,2026-02-20,Active
1884,753,Laptop,Windows 11,2025-12-27,Active
1885,754,Laptop,Windows 10,2026-02-18,Active
1886,755,Laptop,Windows 10,2026-01-03,Outdated
1887,756,Laptop,Windows 11,2026-01-25,Outdated
1888,757,Laptop,Windows 10,2026-01-28,Active
1889,758,Workstation,Windows 10,2026-03-09,Active
1890,759,Workstation,Windows 11,2026-01-18,Active
1891,760,Laptop,Windows 11,2026-02-24,Active
1892,761,Desktop,Windows 11,2026-01-28,Active
1893,761,Laptop,macOS Sonoma,2026-01-17,Active
1894,762,Laptop,macOS Sonoma,2026-02-04,Active
1895,762,Laptop,Windows 11,2026-01-24,Active
1896,763,Workstation,Windows 11,2026-03-14,Active
1897,764,Laptop,Windows 11,2026-03-09,Active
1898,765,Laptop,Windows 11,2026-01-18,Active
1899,766,Desktop,Windows 10,2026-02-14,Active
1900,767,Laptop,Windows 10,2026-03-02,Active
1901,767,Desktop,Windows 11,2026-03-06,Active
1902,768,Laptop,Windows 10,2026-02-16,Active
1903,768,Laptop,Windows 11,2026-01-10,Active
1904,769,Workstation,Windows 11,2026-03-08,Active
1905,770,Workstation,macOS Sonoma,2026-01-23,Active
1906,771,Desktop,Windows 11,2026-01-05,Active
1907,772,Laptop,Windows 10,2026-02-14,Active
1908,773,Laptop,Windows 11,2026-02-03,Active
1909,773,Desktop,macOS Sonoma,2026-01-16,Active
1910,774,Workstation,Windows 10,2026-01-26,Active
1911,775,Workstation,Windows 11,2026-01-13,Active
1912,775,Laptop,Windows 10,2026-01-04,Active
1913,776,Laptop,Windows 10,2026-03-12,Active
1914,776,Desktop,Windows 10,2026-02-10,Active
1915,777,Desktop,Windows 11,2026-01-16,Active
1916,778,Laptop,Windows 11,2026-03-21,Active
1917,779,Workstation,Windows 10,2026-02-18,Outdated
1918,779,Workstation,Windows 11,2026-01-24,Active
1919,780,Laptop,Windows 11,2026-02-21,Active
1920,781,Desktop,Windows 10,2026-01-22,Outdated
1921,782,Laptop,Windows 11,2026-02-10,Active
1922,783,Workstation,Windows 11,2026-02-17,Active
1923,784,Laptop,Windows 11,2026-01-30,Active
1924,784,Workstation,Windows 11,2026-02-04,Active
1925,785,Workstation,Windows 11,2026-03-08,Active
1926,785,Desktop,Linux,2026-03-07,Active
1927,786,Laptop,Linux,2026-02-21,Active
1928,787,Laptop,Windows 11,2026-01-23,Active
1929,788,Desktop,Linux,2026-01-13,Active
1930,789,Workstation,Windows 10,2026-01-21,Active
1931,789,Workstation,Windows 11,2026-02-09,Disabled
1932,790,Workstation,Windows 11,2026-01-26,Active
1933,790,Laptop,Windows 11,2026-03-05,Active
1934,791,Workstation,Windows 11,2026-02-04,Active
1935,791,Workstation,macOS Sonoma,2026-02-28,Outdated
1936,792,Laptop,macOS Sonoma,2026-01-05,Active
1937,793,Workstation,Windows 10,2026-02-19,Active
1938,794,Workstation,Windows 10,2026-03-07,Active
1939,795,Laptop,macOS Sonoma,2026-02-16,Active
1940,795,Laptop,Windows 11,2026-01-13,Active
1941,796,Desktop,Windows 11,2026-01-25,Active
1942,797,Laptop,Windows 10,2026-02-10,Active
1943,798,Laptop,macOS Sonoma,2026-02-22,Active
1944,799,Laptop,Windows 11,2026-01-14,Active
1945,800,Desktop,Windows 11,2026-02-07,Active
1946,801,Laptop,macOS Sonoma,2026-02-04,Active
1947,802,Workstation,macOS Sonoma,2026-03-01,Active
1948,803,Desktop,Windows 11,2025-12-27,Active
1949,804,Desktop,macOS Sonoma,2026-03-04,Active
1950,805,Desktop,Windows 11,2025-12-25,Active
1951,806,Workstation,Windows 10,2026-03-02,Active
1952,807,Laptop,Windows 10,2026-03-02,Active
1953,807,Desktop,Windows 11,2026-01-18,Active
1954,808,Workstation,Windows 10,2026-03-05,Active
1955,809,Workstation,Windows 11,2026-02-22,Active
1956,810,Desktop,Windows 11,2026-01-03,Active
1957,810,Desktop,Windows 10,2026-02-18,Active
1958,811,Laptop,Windows 10,2026-01-11,Disabled
1959,812,Laptop,Windows 10,2026-03-21,Active
1960,813,Workstation,Windows 11,2026-01-17,Active
1961,813,Laptop,Windows 10,2026-03-01,Active
1962,814,Workstation,Windows 11,2026-02-20,Active
1963,815,Workstation,Windows 11,2025-12-23,Active
1964,815,Desktop,Windows 10,2026-03-21,Active
1965,816,Laptop,Windows 11,2026-03-02,Active
1966,816,Workstation,Windows 10,2026-03-22,Active
1967,817,Desktop,Windows 11,2026-03-06,Outdated
1968,818,Laptop,Linux,2026-01-17,Outdated
1969,819,Workstation,Windows 11,2026-01-06,Active
1970,820,Workstation,Windows 11,2026-01-11,Active
1971,821,Laptop,Windows 10,2026-03-04,Active
1972,821,Laptop,Linux,2026-02-23,Active
1973,822,Laptop,Windows 10,2026-03-07,Active
1974,823,Workstation,Windows 10,2026-03-02,Outdated
1975,824,Laptop,Windows 11,2025-12-29,Active
1976,825,Workstation,macOS Sonoma,2026-02-20,Active
1977,826,Workstation,Windows 11,2026-03-11,Active
1978,827,Laptop,Windows 10,2025-12-24,Active
1979,828,Workstation,Windows 10,2026-02-04,Active
1980,829,Laptop,Windows 10,2025-12-30,Active
1981,830,Desktop,Windows 10,2026-01-23,Active
1982,831,Desktop,Windows 11,2026-02-01,Active
1983,832,Laptop,Windows 11,2026-01-13,Active
1984,833,Workstation,Windows 11,2026-01-15,Active
1985,833,Desktop,Windows 11,2026-01-07,Outdated
1986,834,Desktop,Windows 11,2026-02-25,Active
1987,835,Desktop,Windows 10,2026-02-16,Active
1988,836,Workstation,Windows 10,2026-03-02,Active
1989,837,Workstation,Windows 10,2026-02-26,Active
1990,838,Desktop,Windows 10,2026-02-03,Active
1991,839,Laptop,Windows 11,2026-03-04,Active
1992,840,Workstation,Linux,2026-03-18,Active
1993,840,Laptop,Linux,2025-12-26,Active
1994,841,Workstation,Windows 11,2026-03-14,Active
1995,842,Desktop,Windows 11,2025-12-30,Active
1996,843,Workstation,Windows 11,2026-02-24,Active
1997,844,Laptop,Windows 11,2026-02-21,Active
1998,845,Laptop,Windows 11,2026-01-30,Active
1999,846,Desktop,Windows 11,2026-03-07,Active
2000,846,Workstation,Windows 11,2026-02-07,Active
2001,847,Laptop,Windows 10,2026-02-14,Active
2002,848,Workstation,Windows 10,2026-01-08,Active
2003,848,Desktop,Windows 11,2026-01-14,Active
2004,849,Laptop,Windows 10,2025-12-28,Active
2005,850,Desktop,Windows 11,2026-01-18,Active
2006,851,Desktop,Windows 11,2026-02-25,Active
2007,852,Laptop,Windows 10,2026-03-07,Active
2008,853,Workstation,Windows 10,2026-03-05,Active
2009,854,Workstation,Windows 11,2026-01-06,Active
2010,855,Laptop,Windows 10,2026-02-27,Active
2011,856,Desktop,Windows 11,2026-01-01,Active
2012,857,Workstation,macOS Sonoma,2026-01-21,Active
2013,858,Laptop,macOS Sonoma,2026-01-25,Active
2014,859,Desktop,Windows 10,2026-02-15,Outdated
2015,860,Desktop,Windows 10,2026-01-18,Active
2016,861,Workstation,Windows 11,2026-01-13,Active
2017,861,Laptop,Windows 10,2026-01-22,Active
2018,862,Workstation,Windows 10,2026-03-15,Active
2019,862,Laptop,Windows 11,2025-12-23,Active
2020,863,Workstation,Windows 11,2026-02-05,Disabled
2021,864,Desktop,Windows 11,2026-01-13,Active
2022,864,Desktop,Windows 10,2026-02-05,Active
2023,865,Laptop,Windows 11,2026-01-06,Active
2024,866,Workstation,Windows 11,2026-03-19,Active
2025,867,Desktop,Windows 10,2026-02-20,Active
2026,868,Desktop,Windows 10,2025-12-30,Active
2027,869,Laptop,Windows 10,2025-12-24,Active
2028,870,Laptop,Windows 11,2026-02-20,Active
2029,871,Workstation,Windows 11,2026-01-28,Active
2030,871,Laptop,Windows 10,2026-01-12,Active
2031,872,Desktop,Windows 10,2026-01-29,Active
2032,873,Desktop,Windows 11,2026-01-03,Active
2033,873,Laptop,Linux,2025-12-26,Active
2034,874,Workstation,Windows 10,2026-02-21,Active
2035,875,Workstation,Windows 11,2026-03-05,Outdated
2036,876,Laptop,macOS Sonoma,2026-01-08,Active
2037,876,Desktop,Windows 11,2026-03-01,Active
2038,877,Desktop,Windows 10,2026-02-21,Disabled
2039,878,Laptop,Linux,2026-02-27,Active
2040,879,Desktop,Windows 10,2026-03-08,Disabled
2041,880,Workstation,Windows 11,2026-03-05,Active
2042,881,Laptop,Windows 11,2026-03-01,Active
2043,882,Workstation,Windows 11,2025-12-30,Outdated
2044,883,Laptop,Windows 11,2026-02-19,Active
2045,884,Desktop,Windows 11,2026-02-26,Active
2046,885,Laptop,Windows 10,2026-02-24,Active
2047,886,Workstation,Windows 11,2025-12-29,Active
2048,887,Desktop,macOS Sonoma,2026-03-23,Active
2049,887,Workstation,Windows 10,2026-01-01,Active
2050,888,Desktop,Windows 10,2026-02-28,Outdated
2051,889,Desktop,Windows 11,2026-03-04,Active
2052,889,Desktop,Windows 11,2026-03-18,Active
2053,890,Desktop,macOS Sonoma,2026-01-23,Active
2054,890,Workstation,Windows 11,2026-02-23,Active
2055,891,Desktop,Windows 10,2026-01-09,Active
2056,892,Desktop,Windows 11,2026-01-03,Active
2057,893,Laptop,Windows 10,2026-02-18,Active
2058,894,Workstation,Windows 10,2026-01-28,Active
2059,895,Workstation,Windows 10,2026-02-14,Active
2060,896,Desktop,Windows 11,2025-12-26,Active
2061,896,Laptop,Windows 11,2026-02-18,Active
2062,897,Workstation,Linux,2026-03-03,Active
2063,898,Desktop,Windows 11,2026-03-16,Active
2064,899,Workstation,Windows 10,2026-03-08,Active
2065,900,Workstation,Windows 11,2026-02-25,Active
2066,901,Workstation,Windows 10,2025-12-26,Active
2067,902,Desktop,Windows 11,2026-02-01,Active
2068,903,Laptop,Windows 10,2026-02-17,Outdated
2069,903,Laptop,Windows 11,2026-02-15,Active
2070,904,Laptop,Linux,2026-03-07,Active
2071,905,Desktop,Windows 10,2026-01-04,Active
2072,905,Workstation,macOS Sonoma,2026-02-20,Active
2073,906,Workstation,Windows 10,2026-01-31,Active
2074,907,Laptop,Windows 11,2026-03-02,Active
2075,908,Workstation,Windows 11,2026-01-24,Active
2076,909,Workstation,Windows 11,2026-02-07,Active
2077,910,Workstation,Windows 10,2026-03-10,Active
2078,910,Desktop,Windows 10,2026-03-02,Outdated
2079,911,Workstation,Windows 11,2026-03-16,Active
2080,912,Workstation,Windows 11,2026-03-23,Active
2081,913,Desktop,Windows 11,2026-03-03,Active
2082,914,Laptop,Windows 11,2026-02-20,Active
2083,915,Desktop,Windows 11,2026-03-07,Active
2084,916,Laptop,Windows 11,2025-12-25,Active
2085,917,Laptop,Windows 10,2026-01-21,Active
2086,918,Workstation,Windows 10,2026-01-10,Active
2087,919,Laptop,Windows 11,2026-01-20,Active
2088,920,Laptop,Windows 11,2026-02-14,Active
2089,921,Desktop,Windows 10,2026-02-05,Active
2090,922,Desktop,Linux,2026-01-18,Active
2091,923,Workstation,Windows 10,2026-02-13,Active
2092,923,Laptop,Windows 11,2026-02-19,Active
2093,924,Workstation,Windows 11,2026-01-22,Active
2094,925,Desktop,Windows 11,2026-01-01,Active
2095,926,Desktop,Windows 11,2025-12-24,Active
2096,927,Desktop,Windows 11,2026-03-09,Active
2097,928,Laptop,Windows 11,2026-02-26,Active
2098,929,Workstation,Windows 11,2026-02-09,Active
2099,930,Laptop,Windows 11,2026-03-17,Active
2100,930,Desktop,Windows 10,2026-03-22,Outdated
2101,931,Workstation,Windows 11,2026-03-03,Active
2102,932,Workstation,Windows 10,2026-01-17,Active
2103,932,Laptop,Windows 10,2026-01-16,Active
2104,933,Laptop,Windows 11,2026-03-15,Active
2105,934,Laptop,Linux,2026-03-03,Active
2106,934,Workstation,Windows 11,2026-01-09,Active
2107,935,Workstation,macOS Sonoma,2026-03-04,Active
2108,936,Laptop,macOS Sonoma,2025-12-25,Active
2109,937,Laptop,Windows 11,2026-03-10,Active
2110,938,Desktop,Windows 11,2026-01-17,Active
2111,939,Workstation,macOS Sonoma,2025-12-24,Active
2112,940,Desktop,Windows 10,2026-02-25,Active
2113,941,Laptop,Windows 10,2026-02-25,Disabled
2114,942,Desktop,Windows 11,2026-01-24,Active
2115,943,Workstation,Windows 10,2026-03-11,Active
2116,944,Workstation,Windows 11,2026-03-07,Active
2117,945,Laptop,macOS Sonoma,2026-03-02,Active
2118,946,Workstation,Windows 10,2026-01-30,Active
2119,946,Desktop,Windows 11,2026-01-27,Active
2120,947,Workstation,Windows 10,2026-02-02,Active
2121,948,Desktop,Windows 11,2026-02-13,Active
2122,949,Desktop,Windows 10,2026-02-07,Active
2123,950,Desktop,Windows 11,2026-03-20,Active
2124,951,Workstation,Windows 11,2026-01-14,Active
2125,952,Desktop,Windows 10,2026-03-08,Active
2126,953,Desktop,Windows 11,2025-12-31,Active
2127,954,Workstation,Windows 10,2025-12-27,Active
2128,955,Workstation,Windows 10,2026-02-08,Disabled
2129,955,Workstation,Windows 11,2026-01-12,Active
2130,956,Desktop,Windows 11,2026-03-18,Active
2131,957,Workstation,Windows 10,2026-03-19,Active
2132,957,Workstation,Windows 11,2026-01-19,Active
2133,958,Workstation,Windows 11,2026-01-05,Active
2134,959,Desktop,Windows 11,2026-02-14,Active
2135,960,Workstation,Windows 10,2026-03-19,Active
2136,961,Workstation,Windows 11,2026-02-07,Active
2137,962,Laptop,Windows 11,2026-03-09,Active
2138,962,Laptop,Windows 10,2026-02-06,Active
2139,963,Desktop,Windows 11,2026-01-14,Active
2140,964,Workstation,macOS Sonoma,2026-02-14,Active
2141,965,Laptop,Windows 10,2026-03-16,Active
2142,966,Laptop,Windows 11,2026-02-23,Active
2143,967,Workstation,Linux,2026-02-20,Active
2144,968,Desktop,Windows 11,2026-02-14,Active
2145,969,Desktop,Windows 11,2026-03-10,Active
2146,970,Desktop,Windows 10,2025-12-26,Active
2147,971,Desktop,Windows 11,2026-01-01,Active
2148,971,Desktop,Windows 11,2026-02-07,Active
2149,972,Workstation,Windows 10,2026-03-01,Active
2150,973,Workstation,Windows 11,2026-01-09,Active
2151,974,Workstation,Windows 10,2026-03-21,Active
2152,975,Desktop,Windows 10,2026-01-16,Active
2153,976,Laptop,Windows 11,2026-01-01,Active
2154,977,Laptop,macOS Sonoma,2026-02-10,Disabled
2155,978,Laptop,Windows 10,2026-02-24,Active
2156,979,Laptop,macOS Sonoma,2026-02-01,Active
2157,980,Desktop,Windows 10,2026-03-16,Active
2158,980,Desktop,Windows 11,2025-12-23,Active
2159,981,Desktop,macOS Sonoma,2026-02-17,Active
2160,981,Laptop,Windows 11,2026-03-06,Active
2161,982,Laptop,Windows 11,2026-02-01,Active
2162,983,Laptop,Linux,2026-03-16,Active
2163,983,Desktop,Windows 10,2026-02-08,Active
2164,984,Desktop,Windows 11,2026-01-28,Active
2165,985,Workstation,Windows 11,2026-03-22,Active
2166,986,Laptop,Windows 11,2026-03-03,Outdated
2167,987,Desktop,Windows 10,2026-03-10,Active
2168,988,Workstation,macOS Sonoma,2025-12-29,Active
2169,989,Laptop,Windows 11,2026-02-15,Active
2170,990,Laptop,Windows 11,2025-12-23,Active
2171,991,Workstation,Windows 10,2026-02-23,Active
2172,992,Laptop,Windows 11,2026-02-11,Active
2173,993,Desktop,Windows 11,2026-03-01,Active
2174,993,Workstation,Windows 11,2026-02-25,Active
2175,994,Laptop,Windows 10,2026-02-25,Active
2176,994,Workstation,Windows 11,2026-03-21,Active
2177,995,Desktop,macOS Sonoma,2026-03-12,Active
2178,996,Laptop,Windows 11,2025-12-25,Outdated
2179,997,Desktop,Windows 11,2026-03-05,Active
2180,997,Laptop,Windows 11,2026-01-27,Active
2181,998,Workstation,Windows 11,2026-01-21,Active
2182,999,Desktop,Windows 10,2026-01-20,Active
2183,1000,Laptop,Windows 11,2026-02-26,Active
